ID,Video Link,Product Name,Title,Rating,Associated Review Text,Gender,Age-Group,Sarcasm,Emotion,Our Label
B0DBJ4SZHW,https://www.amazon.in/gp/customer-reviews/R1PJ2DID9TFC5Z/ref=cm_cr_getr_d_rvw_ttl?ie=UTF8&ASIN=B0DBJ4SZHW,"JICOOT Fabric Shaver, Electric Lint Remover, USB Rechargeable Fabric Defuzzer, Reusable Cordless Sweater Shaver can be Used Anywhere, Bobling Remover for Clothes, Wool Pilling Lint Remover.",Very very poor item,1,‡§ú‡§ø‡§∏ ‡§ï‡§æ‡§Æ ‡§ï‡•á ‡§≤‡§ø‡§è ‡§Æ‡§Ç‡§ó‡§µ‡§æ‡§à ‡§µ‡•ã ‡§π‡•Ä ‡§®‡§π‡•Ä ‡§ï‡§∞ ‡§∞‡§π‡•Ä plz ‡§á‡§∏‡•á ‡§µ‡§æ‡§™‡§ø‡§∏ ‡§≤‡•á ‡§Æ‡•Å‡§ù‡•á ‡§Ø‡•á ‡§Ü‡§á‡§ü‡§Æ ‡§¨‡§ø‡§≤‡§ï‡•Å‡§≤ ‡§≠‡•Ä ‡§®‡§π‡•Ä ‡§ö‡§æ‡§π‡§ø‡§Ø‡•á,Male,Middle Aged,No Sarcasm ,Dissatisfied,"JICOOT Fabric Shaver, jo ek wool lint remover ke liye advertise kiya gaya tha, is video mein sweater par use kiya ja raha hai. Lekin yeh product apne promise ke hisaab se kaam nahi karta, koi lint ya bobbles hata nahi raha. Lagta hai yeh apne kaam mein effective nahi hai."
,,,,,,,,,,
B0CSFP59JG,https://www.amazon.in/gp/customer-reviews/R33UVEUVPFZETW/ref=cm_cr_getr_d_rvw_ttl?ie=UTF8&ASIN=B0CSFP59JG,"Wipro Elato BS202 1000 Watt Ceramic Grill Sandwich Maker, Scratch Resistant, 180¬∞ Open Sandwich Griller, Auto Cutoff, Non Toxic BPA, PTFE & PFOA Free, 2 Year Warranty, Regular Bread Size for 2 Slices",Delivered product is broken,1,"Product is useless for me, ‡§Æ‡•à‡§Ç ‡§á‡§∏‡§ï‡•á ‡§≤‡§ø‡§è ‡§∞‡§ø‡§´‡§Ç‡§° ‡§∞‡§ø‡§ï‡•ç‡§µ‡•á‡§∏‡•ç‡§ü ‡§ï‡§∞‡§®‡•á ‡§µ‡§æ‡§≤‡§æ ‡§π‡•Ç‡§Å‡•§",Male,Middle Aged,No Sarcasm ,Dissatisfied, 
B07FKN76ZS,https://www.amazon.com/gp/customer-reviews/R31UW2LRMAPICE/ref=cm_cr_getr_d_rvw_ttl?ie=UTF8&ASIN=B07FKN76ZS,"COSORI Speed-Boil Electric Tea Kettle, 1.7L Hot Water Kettle (BPA Free) 1500W Auto Shut-Off & Boil-Dry Protection, LED Indicator Inner Lid & Bottom, Transparent",It doesn't close anymore after a few months of use,1,"I got this kettle 4 months back and it did the work okayishly. ‡§ï‡§≠‡•Ä-‡§ï‡§≠‡•Ä ‡§Ø‡•á ‡§∏‡§π‡•Ä ‡§∏‡•á ‡§ï‡§æ‡§Æ ‡§ï‡§∞‡§§‡§æ ‡§•‡§æ, ‡§î‡§∞ ‡§ï‡§≠‡•Ä-‡§ï‡§≠‡•Ä ‡§®‡§π‡•Ä‡§Ç‡•§ ‡§ï‡§≠‡•Ä ‡§Ø‡•á ‡§≤‡§Ç‡§¨‡•á ‡§∏‡§Æ‡§Ø ‡§§‡§ï ‡§â‡§¨‡§æ‡§≤‡§§‡§æ ‡§∞‡§π‡§§‡§æ, ‡§î‡§∞ ‡§ï‡§≠‡•Ä ‡§¨‡§ø‡§≤‡•ç‡§ï‡•Å‡§≤ ‡§∏‡§π‡•Ä ‡§∏‡§Æ‡§Ø ‡§™‡§∞ ‡§∞‡•Å‡§ï ‡§ú‡§æ‡§§‡§æ ‡§•‡§æ‡•§ The thing seemed slightly finicky but in the end, it always got my water boiling for me to make cups of tea.  

‡§≤‡•á‡§ï‡§ø‡§® ‡§Ö‡§¨, ‡§Ö‡§ö‡§æ‡§®‡§ï ‡§ê‡§∏‡§æ ‡§π‡•Å‡§Ü ‡§ï‡§ø ‡§ï‡•á‡§§‡§≤‡•Ä ‡§¨‡§Ç‡§¶ ‡§π‡•Ä ‡§®‡§π‡•Ä‡§Ç ‡§π‡•ã ‡§∞‡§π‡•Ä ‡§π‡•à‡•§ ‡§Æ‡•Å‡§ù‡•á ‡§®‡§π‡•Ä‡§Ç ‡§™‡§§‡§æ ‡§ï‡•ç‡§Ø‡§æ ‡§ñ‡§∞‡§æ‡§¨ ‡§π‡•Å‡§Ü ‡§π‡•à, ‡§Æ‡•à‡§Ç‡§®‡•á ‡§á‡§∏‡•á ‡§ï‡§ø‡§∏‡•Ä ‡§§‡§∞‡§π ‡§∏‡•á ‡§õ‡•á‡§°‡§º‡§æ ‡§≠‡•Ä ‡§®‡§π‡•Ä‡§Ç‡•§ ‡§™‡§æ‡§®‡•Ä ‡§°‡§æ‡§≤‡§®‡•á ‡§î‡§∞ ‡§®‡§ø‡§ï‡§æ‡§≤‡§®‡•á ‡§ï‡•á ‡§Ö‡§≤‡§æ‡§µ‡§æ ‡§Æ‡•à‡§Ç‡§®‡•á ‡§ï‡•Å‡§õ ‡§®‡§π‡•Ä‡§Ç ‡§ï‡§ø‡§Ø‡§æ‡•§ But now since the top won't close, it seems like it doesn't detect the proper pressure/temperature to turn off automatically like it used to do. ‡§î‡§∞ ‡§Ö‡§¨ ‡§ú‡§¨ ‡§¢‡§ï‡•ç‡§ï‡§® ‡§ñ‡•Å‡§≤‡§æ ‡§∞‡§π‡§§‡§æ ‡§π‡•à, ‡§§‡•ã ‡§Ø‡•á ‡§§‡§¨ ‡§§‡§ï ‡§â‡§¨‡§æ‡§≤‡§§‡§æ ‡§∞‡§π‡§§‡§æ ‡§π‡•à ‡§ú‡§¨ ‡§§‡§ï ‡§∏‡§æ‡§∞‡§æ ‡§™‡§æ‡§®‡•Ä ‡§≠‡§æ‡§™ ‡§¨‡§®‡§ï‡§∞ ‡§â‡§°‡§º ‡§® ‡§ú‡§æ‡§è‡•§  

‡§Ø‡§π ‡§¨‡§π‡•Å‡§§ ‡§π‡•Ä ‡§®‡§ø‡§∞‡§æ‡§∂‡§æ‡§ú‡§®‡§ï ‡§π‡•à‡•§ ‡§Æ‡•à‡§Ç‡§®‡•á ‡§∏‡•ã‡§ö‡§æ ‡§•‡§æ ‡§ï‡§ø ‡§Ø‡§π ‡§ï‡•á‡§§‡§≤‡•Ä ‡§≤‡§Ç‡§¨‡•á ‡§∏‡§Æ‡§Ø ‡§§‡§ï ‡§ö‡§≤‡•á‡§ó‡•Ä‡•§ I‚Äôm assuming something happened to the locking mechanism, but I don‚Äôt know what. ‡§ï‡•Å‡§õ ‡§≠‡•Ä ‡§ü‡•Ç‡§ü‡§æ ‡§π‡•Å‡§Ü ‡§®‡§π‡•Ä‡§Ç ‡§¶‡§ø‡§ñ‡§§‡§æ‡•§ ‡§¨‡§∏ ‡§Ö‡§¨ ‡§Ø‡•á ‡§¢‡§ï‡•ç‡§ï‡§® ‡§†‡•Ä‡§ï ‡§∏‡•á ‡§¨‡§Ç‡§¶ ‡§®‡§π‡•Ä‡§Ç ‡§π‡•ã ‡§∞‡§π‡§æ ‡§π‡•à‡•§",Male,Middle Aged,No Sarcasm ,Dissatisfied,"Video mein COSORI Speed-Boil Electric Tea Kettle ko har taraf se dikhaya gaya hai, aur insaan batata hai ki woh 4 mahine se use kar rahe hain. Jalti nazar aata hai ki yeh shandar dikhayi to deta hai, lekin jab lid band karne ki koshish ki jati hai, toh wo properly band nahi hoti, jo ek functional defect ka darust karta hai."
B09XS7JWHH,https://www.amazon.com/gp/customer-reviews/R2Z5AHXM1V6XN1/ref=cm_cr_getr_d_rvw_ttl?ie=UTF8&ASIN=B09XS7JWHH,"Sony WH-1000XM5 The Best Wireless Noise Canceling Headphones, Made Of Soft Fit Synthetic Leather, Integrated Processor V1, With 4 Beamforming Microphones, Up To 30-Hour Battery Life, Black",Be cautious when ordering these !,1,"Couldn‚Äôt wait all day to get these headphones. ‡§ú‡§¨ ‡§Ø‡•á ‡§Ü‡§ñ‡§ø‡§∞‡§ï‡§æ‡§∞ ‡§™‡§π‡•Å‡§Ç‡§ö‡•á ‡§§‡•ã ‡§Ø‡•á ‡§¨‡•â‡§ï‡•ç‡§∏ ‡§Æ‡•á‡§Ç ‡§®‡§π‡•Ä‡§Ç ‡§•‡•á !! ‡§¨‡§∏ ‡§ü‡•á‡§™ ‡§∏‡•á ‡§≤‡§ø‡§™‡§ü‡•á ‡§π‡•Å‡§è ‡§•‡•á !! ‡§á‡§® ‡§™‡§∞ ‡§â‡§Ç‡§ó‡§≤‡§ø‡§Ø‡•ã‡§Ç ‡§ï‡•á ‡§®‡§ø‡§∂‡§æ‡§® ‡§•‡•á ! Clearly they were returned and sent out! ‡§¨‡§π‡•Å‡§§ ‡§π‡•Ä ‡§ó‡§Ç‡§¶‡§æ ‡§î‡§∞ ‡§ò‡§ü‡§ø‡§Ø‡§æ!  

I am appalled üò≥! ‡§Ø‡•á ‡§µ‡§æ‡§™‡§∏ ‡§ú‡§æ ‡§∞‡§π‡•á ‡§π‡•à‡§Ç !! Sony ‡§î‡§∞ Amazon ‡§ï‡•á ‡§≤‡§ø‡§è ‡§Ø‡•á ‡§ï‡§ø‡§§‡§®‡•Ä ‡§¨‡§°‡§º‡•Ä ‡§∂‡§∞‡•ç‡§Æ‡§ø‡§Ç‡§¶‡§ó‡•Ä ‡§π‡•à! üò°",Male ,Middle Aged,No Sarcasm ,Angry,"Video mein user apne dissatisfaction ka izhaar karta hai, kuch masail batata hai: product par har taraf fingerprints dikhayi dete hain, packaging kaafi kharab thi, koi protective plastic cover nahi tha, aur jo box aya tha woh bhi ganda aur bekaar tha."
B0CLF3VPMV,https://www.amazon.com/gp/customer-reviews/R1P00I9M22FWJR/ref=cm_cr_getr_d_rvw_ttl?ie=UTF8&ASIN=B0CLF3VPMV,"Samsung Galaxy Tab A9+ Tablet 11‚Äù 64GB Android Tablet, Big Screen, Quad Speakers, Upgraded Chipset, Multi Window Display, Slim, Light, Durable Design, US Version, 2024, Graphite",A good way to loose your money,1,"I mean, ‡§¨‡§æ‡§ú‡§æ‡§∞ ‡§Æ‡•á‡§Ç ‡§¨‡§π‡•Å‡§§ ‡§∏‡§æ‡§∞‡•á ‡§ü‡•à‡§¨‡§≤‡•á‡§ü ‡§π‡•à‡§Ç ‡§î‡§∞ ‡§Æ‡•à‡§Ç‡§®‡•á ‡§á‡§∏‡•á ‡§ö‡•Å‡§®‡§æ ‡§ï‡•ç‡§Ø‡•ã‡§Ç‡§ï‡§ø Samsung ‡§ï‡§æ ‡§Æ‡§æ‡§®‡§æ ‡§ú‡§æ‡§§‡§æ ‡§π‡•à ‡§ï‡§ø ‡§Ø‡•á ‡§Ö‡§ö‡•ç‡§õ‡§æ ‡§ü‡•à‡§¨‡§≤‡•á‡§ü ‡§π‡•à‡•§ But I have used it like 5 times since I bought it and ‡§Ö‡§¨ ‡§∏‡•ç‡§ï‡•ç‡§∞‡•Ä‡§® ‡§®‡•á ‡§ï‡§æ‡§Æ ‡§ï‡§∞‡§®‡§æ ‡§¨‡§Ç‡§¶ ‡§ï‡§∞ ‡§¶‡§ø‡§Ø‡§æ ‡§π‡•à‡•§  

I‚Äôm really disappointed ‡§ï‡•ç‡§Ø‡•ã‡§Ç‡§ï‡§ø ‡§Æ‡•à‡§Ç ‡§¶‡•Ç‡§∏‡§∞‡•á ‡§¶‡•á‡§∂ ‡§Æ‡•á‡§Ç ‡§∞‡§π‡§§‡§æ ‡§π‡•Ç‡§Ç ‡§î‡§∞ ‡§á‡§∏‡•á ‡§µ‡§æ‡§™‡§∏ ‡§ï‡§∞‡§®‡•á ‡§ï‡§æ ‡§ï‡•ã‡§à ‡§§‡§∞‡•Ä‡§ï‡§æ ‡§®‡§π‡•Ä‡§Ç ‡§π‡•à‡•§ This piece of ‚Ä¶ ‡§®‡•á ‡§Æ‡•Å‡§ù‡•á ‡§™‡•Ç‡§∞‡•Ä ‡§§‡§∞‡§π ‡§∏‡•á ‡§®‡§ø‡§∞‡§æ‡§∂ ‡§ï‡§ø‡§Ø‡§æ ‡§π‡•à‡•§",Male,Middle Aged,No Sarcasm ,Dissatisfied,"Video mein Samsung Galaxy Tab A9+ Tablet dikhaya gaya hai jahan user ek serious issue dikhata hai. Jab tablet use karne ki koshish ki ja rahi hoti hai, to screen properly display nahi hoti, sirf ek blurry white screen dikhayi deti hai, jab ke charge hone ke baad bhi. Yeh lagta hai ki koi hardware ya display defect hai."
B078WMLXXG,https://www.amazon.com/gp/customer-reviews/RMRCO6HQZINM8/ref=cm_cr_getr_d_rvw_ttl?ie=UTF8&ASIN=B078WMLXXG,Breville Barista Touch BES880BSS Espresso Machine,Just opened it. Says the hopper is unlocked. It isn‚Äôt.,1,"I literally just got this in the mail and was excited to try it out. ‡§≤‡•á‡§ï‡§ø‡§® ‡§Ø‡§π ‡§≤‡§ó‡§æ‡§§‡§æ‡§∞ ‡§¶‡§ø‡§ñ‡§æ ‡§∞‡§π‡§æ ‡§π‡•à ‡§ï‡§ø ‡§π‡•â‡§™‡§∞ ‡§Ö‡§®‡§≤‡•â‡§ï‡•ç‡§° ‡§π‡•à ‡§î‡§∞ ‡§®‡•â‡§¨ ‡§ï‡•ã ‡§≤‡•â‡§ï ‡§ï‡§∞‡§®‡•á ‡§ï‡•á ‡§≤‡§ø‡§è ‡§ò‡•Å‡§Æ‡§æ‡§®‡•á ‡§ï‡•ã ‡§ï‡§π ‡§∞‡§π‡§æ ‡§π‡•à‡•§  

But every time I do this, it never says the hopper is locked. ‡§Æ‡§∂‡•Ä‡§® ‡§Æ‡•á‡§Ç ‡§ï‡•Å‡§õ ‡§ó‡§°‡§º‡§¨‡§°‡§º ‡§π‡•ã‡§®‡•Ä ‡§ö‡§æ‡§π‡§ø‡§è ‡§ï‡•ç‡§Ø‡•ã‡§Ç‡§ï‡§ø ‡§Ø‡§π ‡§π‡•â‡§™‡§∞ ‡§ï‡•ã ‡§≤‡•â‡§ï ‡§π‡•ã‡§®‡•á ‡§ï‡§æ ‡§™‡§§‡§æ ‡§π‡•Ä ‡§®‡§π‡•Ä‡§Ç ‡§≤‡§ó‡§æ ‡§™‡§æ ‡§∞‡§π‡§æ ‡§π‡•à‡•§ ‡§á‡§∏ ‡§µ‡§ú‡§π ‡§∏‡•á ‡§Æ‡•à‡§Ç ‡§è‡§∏‡•ç‡§™‡•ç‡§∞‡•á‡§∏‡•ã ‡§ó‡•ç‡§∞‡§æ‡§á‡§Ç‡§° ‡§≠‡•Ä ‡§®‡§π‡•Ä‡§Ç ‡§ï‡§∞ ‡§™‡§æ ‡§∞‡§π‡§æ ‡§π‡•Ç‡§Å‡•§",Male,Middle Aged,No Sarcasm ,Dissatisfied,"Video mein Breville Barista Touch BES880BSS Espresso Machine dikhayi ja rahi hai, jahan user hopper mein mushkil dikhata hai. Bahut bar knob twist karne ke bawajood, hopper ko upar se lock karne par bhi, LED screen hamesha bataata hai ki hopper unlock hi hai, jo ek mechanical ya sensor defect ko darust karta hai."
B09B7SB46R,https://www.amazon.com/gp/customer-reviews/RKXGQBOGK8LTY/ref=cm_cr_getr_d_rvw_ttl?ie=UTF8&ASIN=B09B7SB46R,"Emeril Lagasse 26 QT Extra Large Air Fryer, Convection Toaster Oven with French Doors, Stainless Steel",Terrible luck,1,"Mine came basically defective. ‡§π‡§Æ‡§®‡•á ‡§á‡§∏‡•á ‡§ï‡•á‡§µ‡§≤ ‡§è‡§ï ‡§¨‡§æ‡§∞ 12 ‡§Æ‡§ø‡§®‡§ü ‡§ï‡§æ ""‡§ï‡•ç‡§≤‡•Ä‡§®‡§ø‡§Ç‡§ó"" ‡§∏‡§æ‡§á‡§ï‡§ø‡§≤ ‡§ö‡§≤‡§æ‡§®‡•á ‡§ï‡•á ‡§≤‡§ø‡§è ‡§á‡§∏‡•ç‡§§‡•á‡§Æ‡§æ‡§≤ ‡§ï‡§ø‡§Ø‡§æ ‡§•‡§æ, ‡§ú‡•à‡§∏‡§æ ‡§ï‡§ø ‡§∏‡•Å‡§ù‡§æ‡§µ ‡§¶‡§ø‡§Ø‡§æ ‡§ó‡§Ø‡§æ ‡§•‡§æ‡•§ But now tonight, after getting some snacks, it will not work at all.  

‡§Ø‡§π ‡§∏‡§ø‡§∞‡•ç‡§´ ‡§¨‡•Ä‡§™ ‡§ï‡§∞‡§§‡§æ ‡§π‡•à ‡§î‡§∞ ‡§π‡§Æ‡•á‡§Ç E6 ‡§è‡§∞‡§∞ ‡§¶‡§ø‡§ñ‡§æ‡§§‡§æ ‡§π‡•à‡•§ ‡§∞‡§ø‡§∏‡§∞‡•ç‡§ö ‡§ï‡§∞‡§®‡•á ‡§™‡§∞ (‡§ú‡•ã ‡§Æ‡•à‡§®‡•ç‡§Ø‡•Å‡§Ö‡§≤ ‡§Æ‡•á‡§Ç ‡§®‡§π‡•Ä‡§Ç ‡§≤‡§ø‡§ñ‡§æ ‡§π‡•à) ‡§™‡§§‡§æ ‡§ö‡§≤‡§æ ‡§ï‡§ø ‡§Ø‡•á ‡§™‡•ç‡§∞‡•â‡§¨‡•ç‡§≤‡§Æ ‡§∂‡§æ‡§Ø‡§¶ ‡§™‡•ç‡§∞‡•â‡§¨ ‡§∏‡•á ‡§ú‡•Å‡§°‡§º‡•Ä ‡§π‡•Å‡§à ‡§π‡•à‡•§ All we can do is unplug it and plug it back in, ‡§≤‡•á‡§ï‡§ø‡§® ‡§Ø‡§π ‡§´‡§ø‡§∞ ‡§∏‡•á ‡§µ‡§π‡•Ä ‡§ï‡§∞‡§§‡§æ ‡§π‡•à‡•§  

‡§π‡§Æ ‡§á‡§∏‡•á ‡§™‡§∏‡§Ç‡§¶ ‡§ï‡§∞‡§®‡§æ ‡§ö‡§æ‡§π‡§§‡•á ‡§•‡•á, ‡§á‡§∏‡§≤‡§ø‡§è ‡§π‡§Æ ‡§è‡§ï ‡§∞‡§ø‡§™‡•ç‡§≤‡•á‡§∏‡§Æ‡•á‡§Ç‡§ü ‡§Æ‡§Ç‡§ó‡§µ‡§æ‡§®‡•á ‡§ï‡•Ä ‡§π‡§ø‡§Æ‡•ç‡§Æ‡§§ ‡§ï‡§∞ ‡§∞‡§π‡•á ‡§π‡•à‡§Ç‡•§ ‡§Ö‡§¨ ‡§π‡§Æ‡•á‡§Ç ‡§Ø‡§π ‡§∏‡§Æ‡§ù‡§®‡§æ ‡§π‡•à ‡§ï‡§ø ‡§á‡§∏‡•á ‡§µ‡§æ‡§™‡§∏ ‡§ï‡•à‡§∏‡•á ‡§≠‡•á‡§ú‡•á‡§Ç ‡§ï‡•ç‡§Ø‡•ã‡§Ç‡§ï‡§ø ‡§π‡§Æ‡§®‡•á ‡§ï‡§≤ ‡§π‡•Ä ‡§á‡§∏‡§ï‡§æ ‡§¨‡•â‡§ï‡•ç‡§∏ ‡§ï‡§ö‡§∞‡•á ‡§Æ‡•á‡§Ç ‡§°‡§æ‡§≤ ‡§¶‡§ø‡§Ø‡§æ ‡§•‡§æ‡•§ *sigh* ‡§Ö‡§ó‡§≤‡•á ‡§µ‡§æ‡§≤‡•á ‡§ï‡•á ‡§¨‡§æ‡§∞‡•á ‡§Æ‡•á‡§Ç ‡§Ö‡§™‡§°‡•á‡§ü ‡§ï‡§∞‡•á‡§Ç‡§ó‡•á‡•§",Female,Mddle Aged,No Sarcasm ,Dissatisfied,"Video mein Emeril Lagasse 26 QT Extra Large Air Fryer French Doors dikhaya gaya hai, jahan user ek serious issue face karta hai. Oven chalu karne ki koshish karte waqt, LED screen par 'E6' error dikhai deta hai aur saath mein beep bhi bajta hai. Uske baad kisi bhi button press karne par koi asar nahi hota, aur error aur beep chale hi jaate hain, jo ek malfunction ko darust karta hai."
B0CCX11JT6,https://www.amazon.com/gp/customer-reviews/RQS12MQ41YBPW/ref=cm_cr_getr_d_rvw_ttl?ie=UTF8&ASIN=B0CCX11JT6,"Samsung Galaxy Tab S9 FE 10.9‚Äù 128GB WiFi Android Tablet, Large Display, Long Battery Life, Powerful Processor, S Pen, 8MP Camera, Lightweight Durable Design, Expandable Storage, US Version,2023, Gray",Deffective type-C charging port.,1,"The tablet is alright, ‡§Æ‡•à‡§Ç‡§®‡•á ‡§á‡§∏‡•á ‡§ï‡§∞‡•Ä‡§¨ 26 ‡§¶‡§ø‡§®‡•ã‡§Ç ‡§§‡§ï ‡§á‡§∏‡•ç‡§§‡•á‡§Æ‡§æ‡§≤ ‡§ï‡§ø‡§Ø‡§æ‡•§ ‡§Ö‡§ö‡•ç‡§õ‡•Ä ‡§¨‡§æ‡§§ ‡§Ø‡•á ‡§π‡•à ‡§ï‡§ø ‡§Æ‡•à‡§Ç‡§®‡•á 30 ‡§¶‡§ø‡§® ‡§™‡•Ç‡§∞‡•á ‡§®‡§π‡•Ä‡§Ç ‡§ï‡§ø‡§è, ‡§á‡§∏‡§≤‡§ø‡§è ‡§Æ‡•à‡§Ç ‡§á‡§∏‡•á ‡§∞‡§ø‡§ü‡§∞‡•ç‡§® ‡§ï‡§∞ ‡§∏‡§ï‡§§‡§æ ‡§π‡•Ç‡§Ç‡•§ It was working good but ‡§ï‡§≤ ‡§∞‡§æ‡§§ ‡§Æ‡•à‡§Ç‡§®‡•á ‡§á‡§∏‡•á ‡§ö‡§æ‡§∞‡•ç‡§ú ‡§™‡§∞ ‡§≤‡§ó‡§æ‡§Ø‡§æ ‡§î‡§∞ ‡§∏‡•Å‡§¨‡§π ‡§¶‡•á‡§ñ‡§æ ‡§ï‡§ø ‡§¨‡•à‡§ü‡§∞‡•Ä ‡§Ö‡§≠‡•Ä ‡§≠‡•Ä ‡§≤‡•ã ‡§π‡•à‡•§  

‡§Æ‡•à‡§Ç‡§®‡•á ‡§Ö‡§≤‡§ó-‡§Ö‡§≤‡§ó ‡§ö‡§æ‡§∞‡•ç‡§ú‡§ø‡§Ç‡§ó ‡§µ‡§æ‡§Ø‡§∞ ‡§î‡§∞ ‡§è‡§°‡•â‡§™‡•ç‡§ü‡§∞ ‡§ü‡•ç‡§∞‡§æ‡§à ‡§ï‡§ø‡§è ‡§≤‡•á‡§ï‡§ø‡§® ‡§ï‡•Å‡§õ ‡§≠‡•Ä ‡§ï‡§æ‡§Æ ‡§®‡§π‡•Ä‡§Ç ‡§ï‡§ø‡§Ø‡§æ‡•§ I felt disappointed, ‡§Ö‡§¨ ‡§®‡§π‡•Ä‡§Ç ‡§™‡§§‡§æ ‡§ï‡§ø ‡§Æ‡•à‡§Ç Samsung ‡§ï‡§æ ‡§ü‡•à‡§¨‡§≤‡•á‡§ü ‡§´‡§ø‡§∞ ‡§∏‡•á ‡§á‡§∏‡•ç‡§§‡•á‡§Æ‡§æ‡§≤ ‡§ï‡§∞‡•Ç‡§Ç‡§ó‡§æ ‡§Ø‡§æ ‡§®‡§π‡•Ä‡§Ç (‡§π‡§æ‡§≤‡§æ‡§Ç‡§ï‡§ø ‡§Æ‡•á‡§∞‡•á ‡§™‡§æ‡§∏ S21 ‡§î‡§∞ S23 Ultra ‡§π‡•à‡§Ç)‡•§  

‡§ñ‡§æ‡§∏‡§ï‡§∞ ‡§á‡§∏‡§≤‡§ø‡§è ‡§ï‡•ç‡§Ø‡•ã‡§Ç‡§ï‡§ø ‡§Æ‡•à‡§Ç‡§®‡•á ‡§á‡§∏‡•á ‡§Ö‡§™‡§®‡•á ‡§ü‡•ç‡§∞‡•á‡§°‡§ø‡§Ç‡§ó ‡§ê‡§™‡•ç‡§∏ ‡§ï‡•á ‡§≤‡§ø‡§è ‡§∏‡•á‡§ü ‡§ï‡§ø‡§Ø‡§æ ‡§•‡§æ ‡§î‡§∞ ‡§Ö‡§¨ ‡§Æ‡•Å‡§ù‡•á ‡§¶‡•Ç‡§∏‡§∞‡§æ ‡§ü‡•à‡§¨‡§≤‡•á‡§ü ‡§≤‡•á‡§®‡§æ ‡§™‡§°‡§º‡•á‡§ó‡§æ‡•§",Male,Middle Aged,No Sarcasm ,Dissatisfied,"Video mein Samsung Galaxy Tab S9 FE 10.9‚Äù Tablet mein issue dikhaya gaya hai. User batata hai ki jab charging port se apne phone ko charge kiya, tab sab kuch theek tha, lekin jab usi port se tablet ko charge karne ki koshish ki, tab bilkul charge nahi hua. Yeh tablet ke charging port defect ya compatibility masle ko darust karta hai."
B073ZY6XH3,https://www.amazon.com/gp/customer-reviews/R1O7DYY25SQ9BN/ref=cm_cr_getr_d_rvw_ttl?ie=UTF8&ASIN=B073ZY6XH3,"EASELAND Queen Size Mattress Pad Pillow Top Mattress Cover Quilted Fitted Mattress Protector Cotton Top Stretches up 8-21"" Deep Pocket Cooling Mattress Topper (60x80 inch, White)",do not buy...Very poor quality and will not stay fluffy.,1,"I was so excited about this mattress pad. ‡§á‡§∏‡§ï‡•á ‡§∞‡§ø‡§µ‡•ç‡§Ø‡•Ç‡§ú‡§º ‡§á‡§§‡§®‡•á ‡§ú‡§º‡§¨‡§∞‡§¶‡§∏‡•ç‡§§ ‡§•‡•á‡•§ But after less than one month, it is completely flat. ‡§Ø‡•á ‡§∞‡§æ‡§§ ‡§ï‡•ã ‡§ó‡§¶‡•ç‡§¶‡•á ‡§™‡§∞ ‡§Ö‡§™‡§®‡•Ä ‡§ú‡§ó‡§π ‡§™‡§∞ ‡§®‡§π‡•Ä‡§Ç ‡§∞‡§π‡§§‡§æ‡•§  

‡§ú‡§¨ ‡§Ü‡§™ ‡§Ö‡§™‡§®‡•Ä ‡§™‡•Ä‡§† ‡§ï‡•á ‡§¨‡§≤ ‡§∏‡•ã‡§§‡•á ‡§π‡•à‡§Ç, ‡§§‡•ã ‡§®‡•Ä‡§ö‡•á ‡§∏‡§™‡§æ‡§ü ‡§´‡•à‡§¨‡•ç‡§∞‡§ø‡§ï ‡§ï‡•Ä ‡§∏‡§ø‡§≤‡§µ‡§ü‡•á‡§Ç ‡§Æ‡§π‡§∏‡•Ç‡§∏ ‡§π‡•ã‡§§‡•Ä ‡§π‡•à‡§Ç‡•§ All the fluffiness was gone within two weeks. ‡§Ø‡§π ‡§¨‡§π‡•Å‡§§ ‡§ñ‡§∞‡§æ‡§¨ ‡§§‡§∞‡•Ä‡§ï‡•á ‡§∏‡•á ‡§¨‡§®‡§æ‡§Ø‡§æ ‡§ó‡§Ø‡§æ ‡§π‡•à‡•§ It does not give you comfort at all; it is very flat.  

‡§Ö‡§¨ ‡§Æ‡•Å‡§ù‡•á ‡§è‡§ï ‡§®‡§Ø‡§æ ‡§ó‡§¶‡•ç‡§¶‡§æ ‡§ï‡§µ‡§∞ ‡§¢‡•Ç‡§Ç‡§¢‡§®‡§æ ‡§™‡§°‡§º‡•á‡§ó‡§æ‡•§ ‡§á‡§∏ ‡§™‡§∞ ‡§¨‡§π‡•Å‡§§ ‡§®‡§ø‡§∞‡§æ‡§∂ ‡§π‡•Ç‡§Å‡•§ ‡§á‡§∏‡•á ‡§∞‡§ø‡§ü‡§∞‡•ç‡§® ‡§≠‡•Ä ‡§®‡§π‡•Ä‡§Ç ‡§ï‡§∞ ‡§∏‡§ï‡§§‡§æ, ‡§Ö‡§¨ ‡§á‡§∏‡•á ‡§ï‡§ö‡§∞‡•á ‡§Æ‡•á‡§Ç ‡§´‡•á‡§Ç‡§ï ‡§¶‡•Ç‡§Ç‡§ó‡§æ‡•§ Flat and lifeless, ‡§∞‡§æ‡§§‡§≠‡§∞ ‡§π‡§ø‡§≤‡§§‡§æ ‡§∞‡§π‡§§‡§æ ‡§π‡•à... BUYER BE AWARE!!!!!  

‡§Ö‡§¨ ‡§§‡§ï ‡§® ‡§§‡•ã ‡§®‡§ø‡§∞‡•ç‡§Æ‡§æ‡§§‡§æ ‡§î‡§∞ ‡§® ‡§π‡•Ä Amazon ‡§®‡•á ‡§á‡§∏‡•á ‡§µ‡§æ‡§™‡§∏ ‡§≤‡•á‡§®‡•á ‡§ï‡•á ‡§¨‡§æ‡§∞‡•á ‡§Æ‡•á‡§Ç ‡§ï‡•ã‡§à ‡§ú‡§µ‡§æ‡§¨ ‡§¶‡§ø‡§Ø‡§æ ‡§π‡•à‡•§ ‡§Æ‡•à‡§Ç ‡§°‡§ø‡§∏‡•á‡§¨‡§≤‡•ç‡§° ‡§π‡•Ç‡§Ç ‡§î‡§∞ ‡§Æ‡•Å‡§ù‡•á ‡§Ö‡§¨ ‡§è‡§ï ‡§®‡§Ø‡§æ ‡§ñ‡§∞‡•Ä‡§¶‡§®‡§æ ‡§™‡§°‡§º‡•á‡§ó‡§æ‡•§",Female,,No Sarcasm ,Angry,"Video mein EASELAND Queen Size Mattress Pad dikhaya gaya hai, jahan user apne gussay ka izhaar karti hai. Wo batati hai ki mattress pad bilkul flat hai aur har taraf se fluffiness nahi hai. Usne manufacturer se madad maangne ki kai baar koshish ki, lekin koi farq nahi pada. Wo yeh bhi kehti hai ki product kharidne ka paisa barbaad ho gaya aur yeh bilkul bekaar hai."
B001ARYU58,https://www.amazon.com/gp/customer-reviews/R1YD0847B0EK0D/ref=cm_cr_getr_d_rvw_ttl?ie=UTF8&ASIN=B001ARYU58,Bowflex SelectTech 552 Adjustable Dumbbells,Don‚Äôt recommend,1,"These dumbbells worked ok twice, ‡§≤‡•á‡§ï‡§ø‡§® ‡§§‡•Ä‡§∏‡§∞‡•Ä ‡§¨‡§æ‡§∞ ‡§è‡§ï ‡§∏‡•á‡§≤‡•á‡§ï‡•ç‡§ü‡§∞ ‡§≤‡•â‡§ï ‡§π‡•ã ‡§ó‡§Ø‡§æ‡•§ ‡§ö‡•å‡§•‡•Ä ‡§¨‡§æ‡§∞ ‡§¶‡•ã ‡§∏‡•á‡§≤‡•á‡§ï‡•ç‡§ü‡§∞ ‡§≤‡•â‡§ï ‡§π‡•ã ‡§ó‡§è ‡§î‡§∞ ‡§â‡§®‡•ç‡§π‡•á‡§Ç ‡§∞‡§ø‡§≤‡•Ä‡§ú‡§º ‡§ï‡§∞‡§®‡•á ‡§Æ‡•á‡§Ç ‡§Æ‡•Å‡§ù‡•á 30 ‡§Æ‡§ø‡§®‡§ü ‡§≤‡§ó ‡§ó‡§è‡•§ Fifth time ‡§§‡•Ä‡§® ‡§∏‡•á‡§≤‡•á‡§ï‡•ç‡§ü‡§∞ ‡§≤‡•â‡§ï ‡§π‡•ã ‡§ó‡§è, ‡§î‡§∞ ‡§Æ‡•à‡§Ç ‡§ï‡§ø‡§∏‡•Ä ‡§ï‡•ã ‡§≠‡•Ä ‡§∞‡§ø‡§≤‡•Ä‡§ú‡§º ‡§®‡§π‡•Ä‡§Ç ‡§ï‡§∞ ‡§™‡§æ‡§Ø‡§æ‡•§  

‡§ï‡•ã‡§à ‡§≠‡•Ä amount of slamming, beating, sweet talking, ‡§Ø‡§æ ‡§Æ‡•Ç‡§µ‡§ø‡§Ç‡§ó ‡§î‡§∞ ‡§∂‡•á‡§ï‡§ø‡§Ç‡§ó ‡§ï‡•Å‡§õ ‡§®‡§π‡•Ä‡§Ç ‡§ï‡§∞ ‡§∏‡§ï‡§æ‡•§ After looking at other brands, ‡§Æ‡•à‡§Ç‡§®‡•á ‡§¶‡•á‡§ñ‡§æ ‡§ï‡§ø ‡§á‡§® ‡§°‡§Ç‡§¨‡§≤‡•ç‡§∏ ‡§Æ‡•á‡§Ç ‡§¨‡§π‡•Å‡§§ ‡§∏‡§æ‡§∞‡•á ‡§Æ‡•Ç‡§µ‡§ø‡§Ç‡§ó ‡§™‡§æ‡§∞‡•ç‡§ü‡•ç‡§∏ ‡§π‡•à‡§Ç, ‡§ú‡•ã ‡§Ü‡§∏‡§æ‡§®‡•Ä ‡§∏‡•á ‡§ñ‡§∞‡§æ‡§¨ ‡§π‡•ã ‡§∏‡§ï‡§§‡•á ‡§π‡•à‡§Ç‡•§  

Highly recommend Power Block ‡§Ø‡§æ ‡§ê‡§∏‡•Ä ‡§ï‡§ø‡§∏‡•Ä ‡§ö‡•Ä‡§ú‡§º ‡§™‡§∞ ‡§ß‡•ç‡§Ø‡§æ‡§® ‡§¶‡•á‡§Ç, ‡§ú‡•ã ‡§á‡§§‡§®‡•Ä ‡§ú‡§≤‡•ç‡§¶‡•Ä ‡§ñ‡§∞‡§æ‡§¨ ‡§® ‡§π‡•ã‡•§",Male,Middle Aged,No Sarcasm ,Angry,"Video mein ek frustrated user Bowflex SelectTech 552 Adjustable Dumbbells ke masle dikhata hai. Wo weights ko base se hataane mein mushkil karta hai, jo har baar jame jaate hain. Jab udaayi ke baad weights ko hataa bhi lete hain, toh wo dono taraf se uneven hote hain. Uske alawa, ek side ka weight adjustment dial jamm ho gaya hai, jo weight change karne mein bilkul kaam nahi karta. Yeh dikhata hai ki product mein bohot saari mechanical faults hain."
B0CKFLQT7N,https://www.amazon.com/gp/customer-reviews/RWMIW72KLJ3AB/ref=cm_cr_getr_d_rvw_ttl?ie=UTF8&ASIN=B0CKFLQT7N,"Legendary Whitetails Men's Journeyman Shirt Jacket, Flannel Lined Shacket for Men, Water-Resistant Coat Rugged Fall Clothing",Terrible inside quality,1,"This is my 2nd Legendary Whitetail The Journeyman shirt/jacket. ‡§™‡§π‡§≤‡•á ‡§Æ‡•à‡§Ç ‡§Ø‡§π ‡§ï‡§π‡•Ç‡§Ç‡§ó‡§æ ‡§ï‡§ø ‡§Æ‡•Å‡§ù‡•á ‡§ú‡•à‡§ï‡•á‡§ü ‡§ï‡•Ä ‡§¨‡§æ‡§π‡§∞‡•Ä ‡§¨‡§®‡§æ‡§µ‡§ü ‡§¨‡§π‡•Å‡§§ ‡§™‡§∏‡§Ç‡§¶ ‡§π‡•à‡•§ ‡§´‡§ø‡§ü ‡§î‡§∞ ‡§≤‡•Å‡§ï ‡§¨‡§π‡•Å‡§§ ‡§Ö‡§ö‡•ç‡§õ‡•á ‡§π‡•à‡§Ç, ‡§á‡§§‡§®‡•Ä ‡§ï‡§ø ‡§≠‡§≤‡•á ‡§π‡•Ä ‡§Æ‡•Å‡§ù‡•á ‡§™‡§π‡§≤‡•Ä ‡§¨‡§æ‡§∞ ‡§Æ‡•á‡§Ç ‡§Ø‡§π‡•Ä ‡§∏‡§Æ‡§∏‡•ç‡§Ø‡§æ ‡§π‡•Å‡§à ‡§•‡•Ä, ‡§Æ‡•à‡§Ç‡§®‡•á ‡§´‡§ø‡§∞ ‡§≠‡•Ä ‡§¶‡•Ç‡§∏‡§∞‡§æ ‡§ñ‡§∞‡•Ä‡§¶‡§æ‡•§  

‡§Ö‡§¨ ‡§á‡§∏ ‡§ú‡•à‡§ï‡•á‡§ü ‡§ï‡•á ‡§Ö‡§Ç‡§¶‡§∞ ‡§ï‡•Ä ‡§¨‡§æ‡§§ ‡§ï‡§∞‡•á‡§Ç‡•§ ‡§á‡§® ‡§ö‡•Ä‡§ú‡§º‡•ã‡§Ç ‡§ï‡•á ‡§≤‡§ø‡§è ‡§ú‡•ã ‡§™‡•à‡§∏‡•á ‡§≤‡§ø‡§è ‡§ú‡§æ‡§§‡•á ‡§π‡•à‡§Ç, ‡§â‡§∏‡§∏‡•á ‡§Ö‡§Ç‡§¶‡§∞ ‡§ï‡•Ä ‡§ú‡•á‡§¨ ‡§á‡§§‡§®‡•Ä ‡§ú‡§≤‡•ç‡§¶‡•Ä ‡§´‡§ü‡§®‡•á ‡§ï‡§æ ‡§∏‡§ö‡§Æ‡•Å‡§ö ‡§Æ‡•á‡§Ç ‡§¶‡•Å‡§ñ‡§¶ ‡§Ö‡§®‡•Å‡§≠‡§µ ‡§π‡•à‡•§ ‡§Æ‡•à‡§Ç‡§®‡•á ‡§á‡§∏‡•á ‡§¨‡§π‡•Å‡§§ ‡§ï‡§Æ ‡§á‡§∏‡•ç‡§§‡•á‡§Æ‡§æ‡§≤ ‡§Æ‡•á‡§Ç ‡§™‡§æ‡§Ø‡§æ ‡§î‡§∞ ‡§Ü‡§ú ‡§Æ‡•á‡§∞‡§æ 2nd ‡§ú‡•à‡§ï‡•á‡§ü ‡§≠‡•Ä 6 ‡§Æ‡§π‡•Ä‡§®‡•á ‡§ï‡•á ‡§≠‡•Ä‡§§‡§∞ ‡§´‡§ü ‡§ó‡§Ø‡§æ‡•§  

‡§´‡•à‡§ï‡•ç‡§ü ‡§Ø‡§π ‡§π‡•à ‡§ï‡§ø ‡§â‡§§‡•ç‡§™‡§æ‡§¶ ‡§∏‡§Æ‡§∞‡•ç‡§•‡§® ‡§ï‡•Ä ‡§ï‡•ã‡§à ‡§ú‡§æ‡§®‡§ï‡§æ‡§∞‡•Ä ‡§®‡§π‡•Ä‡§Ç ‡§π‡•à ‡§î‡§∞ ‡§®‡§ø‡§∞‡•ç‡§Æ‡§æ‡§§‡§æ ‡§∏‡•á ‡§∏‡§Ç‡§™‡§∞‡•ç‡§ï ‡§ï‡§∞‡§®‡•á ‡§ï‡§æ ‡§ï‡•ã‡§à ‡§§‡§∞‡•Ä‡§ï‡§æ ‡§®‡§π‡•Ä‡§Ç ‡§π‡•à, ‡§á‡§∏‡§≤‡§ø‡§è ‡§Æ‡•Å‡§ù‡•á ‡§á‡§∏ ‡§∏‡§Æ‡•Ä‡§ï‡•ç‡§∑‡§æ ‡§ï‡•ã ‡§õ‡•ã‡§°‡§º‡§®‡•á ‡§ï‡•á ‡§Ö‡§≤‡§æ‡§µ‡§æ ‡§ï‡•ã‡§à ‡§µ‡§ø‡§ï‡§≤‡•ç‡§™ ‡§®‡§π‡•Ä‡§Ç ‡§π‡•à‡•§  

‡§¨‡§π‡•Å‡§§ ‡§®‡§ø‡§∞‡§æ‡§∂‡§æ ‡§π‡•Å‡§à!",Male,Middle Aged,No Sarcasm ,Dissatisfied,"Video mein Legendary Whitetails Men's Journeyman Shirt Jacket dikhaya gaya hai, jahan user severe quality issues dikhata hai. Jab wo chest ki velcro pocket kholta hai, toh andar ka lining tooti jaati hai, jo ki kaafi kharab craftsmanship dikhata hai. Usne bataya ki yeh uski dusri jacket hai, kyunki pehli wali mein to yeh hi issue tha‚Äîpocket kholte hi puri pocket hi tut gayi thi."
B0CBP8CL71,https://www.amazon.com/gp/customer-reviews/RT4DCI4KBBBST/ref=cm_cr_getr_d_rvw_ttl?ie=UTF8&ASIN=B0CBP8CL71,"OLANLY Bathroom Rugs Mat 30x20, Extra Soft and Absorbent Microfiber Bath Rugs, Non-Slip Plush Shaggy Bath Carpet, Machine Wash Dry, Bath Mat for Bathroom Floor, Tub and Shower, Grey",The little sized ones ARE *SLIP HAZARDS*,1,"I have the 48"" x 24"" (roughly) sized one. It‚Äôs great and provides good no-slip grip on tile. ‡§Æ‡•Å‡§ù‡•á ‡§á‡§∏‡•á ‡§¨‡§π‡•Å‡§§ ‡§™‡§∏‡§Ç‡§¶ ‡§Ü‡§Ø‡§æ, ‡§á‡§∏‡§≤‡§ø‡§è ‡§Æ‡•à‡§Ç‡§®‡•á ‡§¶‡•ã ‡§î‡§∞ 12""x24"" ‡§õ‡•ã‡§ü‡•á ones ‡§ñ‡§∞‡•Ä‡§¶‡•á ‡§§‡§æ‡§ï‡§ø ‡§∏‡§ø‡§Ç‡§ï ‡§ï‡•á ‡§™‡§æ‡§∏ ‡§ñ‡§æ‡§≤‡•Ä ‡§ú‡§ó‡§π ‡§≠‡§∞ ‡§∏‡§ï‡•Ç‡§Ç‡•§ ‡§≤‡•á‡§ï‡§ø‡§® ‡§Ö‡§¨ ""‡§®‡•ã-‡§∏‡•ç‡§≤‡§ø‡§™"" ‡§ï‡§æ ‡§¶‡§æ‡§µ‡§æ ‡§∏‡§π‡•Ä ‡§®‡§π‡•Ä‡§Ç ‡§∞‡§π‡§æ‡•§  

‡§Ø‡§π ‡§∏‡§¨ ‡§ú‡§ó‡§π ‡§´‡§ø‡§∏‡§≤ ‡§ó‡§Ø‡§æ ‡§î‡§∞ ‡§π‡§Æ‡§æ‡§∞‡•á ‡§∏‡§≠‡•Ä ‡§™‡•à‡§∞‡•ã‡§Ç ‡§ï‡•á ‡§®‡•Ä‡§ö‡•á ‡§∏‡•á ‡§®‡§ø‡§ï‡§≤ ‡§ó‡§Ø‡§æ‡•§ ‡§π‡§Æ ‡§∏‡§≠‡•Ä ‡§®‡•á ‡§∏‡§ø‡§∞ ‡§´‡•ã‡§°‡§º ‡§≤‡§ø‡§Ø‡§æ‡•§ ‡§Ö‡§¨ ‡§µ‡§π‡•Ä ‡§â‡§§‡•ç‡§™‡§æ‡§¶ ‡§®‡§π‡•Ä‡§Ç ‡§π‡•à‡•§ ‡§õ‡•ã‡§ü‡•á ones ‡§Æ‡•á‡§Ç ""‡§®‡•ã-‡§∏‡•ç‡§≤‡§ø‡§™"" ‡§ï‡•á ‡§¨‡§ú‡§æ‡§Ø ‡§Ø‡•á ‡§™‡•ç‡§≤‡§æ‡§∏‡•ç‡§ü‡§ø‡§ï ‡§ú‡•à‡§∏‡§æ ‡§Æ‡§π‡§∏‡•Ç‡§∏ ‡§π‡•ã‡§§‡§æ ‡§π‡•à ‚Äì ‡§Æ‡•à‡§Ç ‡§á‡§∏‡§ï‡•á ‡§ä‡§™‡§∞ ‡§≠‡§æ‡§ó ‡§∏‡§ï‡§§‡§æ ‡§π‡•Ç‡§Ç ‡§î‡§∞ ‡§∏‡•ç‡§≤‡§æ‡§á‡§° ‡§ï‡§∞ ‡§∏‡§ï‡§§‡§æ ‡§π‡•Ç‡§Ç‡•§ ‡§ú‡•ã ‡§â‡§®‡•ç‡§π‡•ã‡§Ç‡§®‡•á ‡§™‡§π‡§≤‡•á ‡§¨‡§®‡§æ‡§Ø‡§æ ‡§•‡§æ, ‡§Ö‡§¨ ‡§µ‡§π ‡§®‡§π‡•Ä‡§Ç ‡§π‡•à‡•§ ‡§¨‡§π‡•Å‡§§ ‡§®‡§ø‡§∞‡§æ‡§∂ ‡§π‡•Ç‡§Ç‡•§  

‡§Æ‡•Å‡§ù‡•á ‡§®‡§π‡•Ä‡§Ç ‡§™‡§§‡§æ ‡§ï‡§ø ""‡§®‡•ã-‡§∏‡•ç‡§≤‡§ø‡§™"" ‡§è‡§ï ‡§∂‡•ç‡§∞‡•á‡§£‡•Ä ‡§ï‡•ç‡§Ø‡•ã‡§Ç ‡§®‡§π‡•Ä‡§Ç ‡§π‡•à ‡§ú‡§ø‡§∏‡•á ‡§Æ‡•à‡§Ç ‡§ä‡§™‡§∞ ‡§µ‡•ã‡§ü ‡§ï‡§∞ ‡§∏‡§ï‡§§‡§æ ‡§π‡•Ç‡§Ç‡•§",Male,Middle Aged,No sarcasm ,Dissatisfied,"Video mein OLANLY Bathroom Rug dikhaya gaya hai, jahan user ek bada safety concern dikhata hai. Apne pair se halka sa rug ko push karke, wo asani se floor par slide ho jata hai, jo iska grip nahi hone ki wajah se dikhata hai. Yeh non-slip bath mat bilkul stable nahi hai, aur yeh slip aur fall ke liye ek risk ho sakta hai"
B071WCB1T6,https://www.amazon.com/gp/customer-reviews/R2JRDJ1EJ08ZA/ref=cm_cr_srp_d_rvw_ttl?ie=UTF8&ASIN=B071WCB1T6,"TOSHIBA EM131A5C-BS Countertop Microwave Ovens 1.2 Cu Ft, 12.4"" Removable Turntable Smart Humidity Sensor 12 Auto Menus Mute Function ECO Mode Easy Clean Interior Black Color 1100W",Do Not Buy This Microwave,1,"Realistically, I have only bought maybe 2 microwaves in my 50+ ‡§µ‡§∞‡•ç‡§∑‡•ã‡§Ç ‡§Æ‡•á‡§Ç‡•§ ‡§∏‡§≠‡•Ä ‡§™‡§π‡§≤‡•á ‡§ï‡•Ä ‡§ñ‡§∞‡•Ä‡§¶‡§æ‡§∞‡•Ä ‡§Æ‡§ß‡•ç‡§Ø‡§Æ ‡§ï‡•Ä‡§Æ‡§§ ‡§ï‡•Ä ‡§∞‡•á‡§Ç‡§ú ‡§Æ‡•á‡§Ç ‡§•‡•Ä ‡§î‡§∞ ‡§™‡•ç‡§∞‡§§‡•ç‡§Ø‡•á‡§ï ‡§®‡•á 10 ‡§∏‡§æ‡§≤ ‡§∏‡•á ‡§Ö‡§ß‡§ø‡§ï ‡§ï‡§æ ‡§∏‡§Æ‡§Ø ‡§¨‡§ø‡§§‡§æ‡§Ø‡§æ‡•§ ‡§∏‡§æ‡§Æ‡§æ‡§®‡•ç‡§Ø ‡§§‡•å‡§∞ ‡§™‡§∞, ‡§Æ‡§æ‡§á‡§ï‡•ç‡§∞‡•ã‡§µ‡•á‡§µ ‡§§‡§ï‡§®‡•Ä‡§ï ‡§¨‡§π‡•Å‡§§ ‡§Ö‡§ö‡•ç‡§õ‡•Ä ‡§π‡•à, ‡§î‡§∞ ‡§Ü‡§™‡§ï‡•ã ‡§¨‡§π‡•Å‡§§ ‡§ï‡§Æ ‡§∏‡§Æ‡§∏‡•ç‡§Ø‡§æ‡§è‡§Ç ‡§Ü‡§§‡•Ä ‡§π‡•à‡§Ç‚Ä¶ ‡§ú‡§¨ ‡§§‡§ï ‡§ï‡§ø ‡§Æ‡•à‡§Ç‡§®‡•á ‡§Ø‡§π Toshiba ‡§®‡§π‡•Ä‡§Ç ‡§ñ‡§∞‡•Ä‡§¶‡§æ‡•§  

‡§ú‡§¨ ‡§Ø‡§π ‡§Ü‡§Ø‡§æ, ‡§§‡•ã ‡§™‡•à‡§ï‡•á‡§ú‡§ø‡§Ç‡§ó ‡§ï‡•ã ‡§ï‡•ã‡§à ‡§ï‡•ç‡§∑‡§§‡§ø ‡§®‡§π‡•Ä‡§Ç ‡§≤‡§ó‡•Ä ‡§•‡•Ä, ‡§î‡§∞ ‡§™‡•Å‡§®‡§∞‡•ç‡§®‡§ø‡§∞‡•ç‡§Æ‡§æ‡§£ ‡§ï‡•á ‡§ï‡§æ‡§∞‡§£ ‡§á‡§∏‡•á ‡§ï‡§®‡•á‡§ï‡•ç‡§ü ‡§ï‡§∞‡§®‡•á ‡§Æ‡•á‡§Ç 2 ‡§∏‡§™‡•ç‡§§‡§æ‡§π ‡§≤‡§ó ‡§ó‡§è‡•§ ‡§ö‡•Ç‡§Ç‡§ï‡§ø ‡§π‡§Æ‡§æ‡§∞‡•á ‡§™‡§æ‡§∏ ‡§è‡§ï ‡§õ‡•ã‡§ü‡•Ä ‡§ú‡§ó‡§π ‡§π‡•à, ‡§á‡§∏‡§≤‡§ø‡§è ‡§π‡§Æ‡•á‡§Ç ‡§ï‡•ã‡§à ‡§∏‡§Æ‡§∏‡•ç‡§Ø‡§æ ‡§®‡§π‡•Ä‡§Ç ‡§π‡•ã‡§®‡•á ‡§ï‡•Ä ‡§â‡§Æ‡•ç‡§Æ‡•Ä‡§¶ ‡§•‡•Ä, ‡§á‡§∏‡§≤‡§ø‡§è ‡§π‡§Æ‡§®‡•á ‡§á‡§∏‡•á ‡§ï‡§®‡•á‡§ï‡•ç‡§ü ‡§ï‡§ø‡§Ø‡§æ ‡§î‡§∞ ‡§¨‡•â‡§ï‡•ç‡§∏ ‡§´‡•á‡§Ç‡§ï ‡§¶‡§ø‡§Ø‡§æ‡•§  

‡§Æ‡§æ‡§á‡§ï‡•ç‡§∞‡•ã‡§µ‡•á‡§µ ‡§®‡•á ‡§≤‡§ó‡§≠‡§ó 5 ‡§¨‡§æ‡§∞ ‡§†‡•Ä‡§ï ‡§∏‡•á ‡§ï‡§æ‡§Æ ‡§ï‡§ø‡§Ø‡§æ, ‡§´‡§ø‡§∞ ‡§Ö‡§ö‡§æ‡§®‡§ï ‡§∏‡•á ‡§è‡§ï ‡§ú‡•ã‡§∞ ‡§∏‡•á, ‡§ö‡§ø‡§Ç‡§§‡§æ‡§ú‡§®‡§ï ‡§∂‡•ã‡§∞ ‡§ï‡§∞‡§®‡•á ‡§≤‡§ó‡§æ (‡§µ‡•Ä‡§°‡§ø‡§Ø‡•ã ‡§¶‡•á‡§ñ‡•á‡§Ç)‡•§ ‡§π‡§Æ‡§®‡•á ‡§§‡•ç‡§∞‡•Å‡§ü‡§ø ‡§®‡§ø‡§µ‡§æ‡§∞‡§£ ‡§ï‡•á ‡§≤‡§ø‡§è ‡§®‡§ø‡§∞‡•ç‡§¶‡•á‡§∂‡•ã‡§Ç ‡§ï‡§æ ‡§™‡§æ‡§≤‡§® ‡§ï‡§ø‡§Ø‡§æ, ‡§ú‡§ø‡§∏‡§Æ‡•á‡§Ç ‡§ï‡§π‡§æ ‡§ó‡§Ø‡§æ ‡§•‡§æ ‡§ï‡§ø ‡§ü‡•ç‡§∞‡•á ‡§¨‡§æ‡§π‡§∞ ‡§Ü ‡§ó‡§à ‡§π‡•à, ‡§á‡§∏‡§≤‡§ø‡§è ‡§Æ‡•à‡§Ç‡§®‡•á ‡§ü‡•ç‡§∞‡•á ‡§ï‡•ã ‡§´‡§ø‡§∞ ‡§∏‡•á ‡§†‡•Ä‡§ï ‡§ï‡§∞ ‡§¶‡§ø‡§Ø‡§æ‡•§ ‡§Ø‡§π 3 ‡§¨‡§æ‡§∞ ‡§î‡§∞ ‡§ï‡§æ‡§Æ ‡§ï‡§ø‡§Ø‡§æ, ‡§≤‡•á‡§ï‡§ø‡§® ‚Äú‡§Æ‡•å‡§§ ‡§ï‡•Ä ‡§ó‡•Ç‡§Ç‡§ú‚Äù ‡§¨‡§®‡•Ä ‡§∞‡§π‡•Ä‡•§ ‡§Æ‡•à‡§Ç‡§®‡•á ‡§®‡§ø‡§∞‡•ç‡§Æ‡§æ‡§§‡§æ ‡§∏‡•á ‡§µ‡§ø‡§≠‡§ø‡§®‡•ç‡§® ‡§§‡•ç‡§∞‡•Å‡§ü‡§ø ‡§®‡§ø‡§µ‡§æ‡§∞‡§£ ‡§ï‡§¶‡§Æ ‡§â‡§†‡§æ‡§è, ‡§≤‡•á‡§ï‡§ø‡§® ‡§ï‡•Å‡§õ ‡§≠‡•Ä ‡§Æ‡§¶‡§¶ ‡§®‡§π‡•Ä‡§Ç ‡§ï‡•Ä‡•§  

‡§Æ‡•à‡§Ç‡§®‡•á Toshiba ‡§ï‡§∏‡•ç‡§ü‡§Æ‡§∞ ‡§∏‡§∞‡•ç‡§µ‡§ø‡§∏ ‡§ï‡•ã ‡§ï‡•â‡§≤ ‡§ï‡§ø‡§Ø‡§æ, ‡§∏‡§¨ ‡§ï‡•Å‡§õ ‡§∏‡§Æ‡§ù‡§æ‡§Ø‡§æ, ‡§î‡§∞ ‡§â‡§®‡•ç‡§π‡•ã‡§Ç‡§®‡•á ‡§Æ‡•á‡§∞‡•Ä ‡§ú‡§æ‡§®‡§ï‡§æ‡§∞‡•Ä ‡§≤‡•Ä ‡§≤‡•á‡§ï‡§ø‡§® ‡§ï‡§π‡§æ ‡§ï‡§ø ‡§µ‡•á ‡§è‡§ï ‡§ï‡•á‡§∏ ‡§ñ‡•ã‡§≤‡•á‡§Ç‡§ó‡•á‡•§ ‡§ö‡•Ç‡§Ç‡§ï‡§ø ‡§Æ‡§æ‡§á‡§ï‡•ç‡§∞‡•ã‡§µ‡•á‡§µ Amazon ‡§∏‡•á ‡§ñ‡§∞‡•Ä‡§¶‡§æ ‡§ó‡§Ø‡§æ ‡§•‡§æ ‡§î‡§∞ 30-‡§¶‡§ø‡§® ‡§ï‡•Ä ‡§µ‡§æ‡§™‡§∏‡•Ä ‡§ï‡•Ä ‡§ñ‡§ø‡§°‡§º‡§ï‡•Ä ‡§§‡•á‡§ú‡•Ä ‡§∏‡•á ‡§®‡§ú‡§¶‡•Ä‡§ï ‡§Ü ‡§∞‡§π‡•Ä ‡§•‡•Ä (‡§ï‡•á‡§µ‡§≤ 5 ‡§¶‡§ø‡§® ‡§¨‡§æ‡§ï‡•Ä ‡§•‡•á), ‡§â‡§®‡•ç‡§π‡•ã‡§Ç‡§®‡•á ‡§Æ‡•Å‡§ù‡§∏‡•á Amazon ‡§ï‡•á ‡§Æ‡§æ‡§ß‡•ç‡§Ø‡§Æ ‡§∏‡•á ‡§á‡§∏‡•á ‡§≤‡•å‡§ü‡§æ‡§®‡•á ‡§ï‡•ã ‡§ï‡§π‡§æ‡•§ ‡§π‡§æ‡§≤‡§æ‡§Ç‡§ï‡§ø, ‡§∞‡§ø‡§ü‡§∞‡•ç‡§® ‡§ï‡•á ‡§≤‡§ø‡§è ‡§Æ‡§æ‡§á‡§ï‡•ç‡§∞‡•ã‡§µ‡•á‡§µ ‡§ï‡•ã ‡§´‡§ø‡§∞ ‡§∏‡•á ‡§™‡•à‡§ï ‡§ï‡§∞‡§®‡•á ‡§ï‡•Ä ‡§ú‡§∞‡•Ç‡§∞‡§§ ‡§π‡•à ‡§î‡§∞ ‡§á‡§∏‡•á ‡§ï‡•á‡§µ‡§≤ UPS ‡§∏‡•ç‡§ü‡•ã‡§∞ ‡§ï‡•á ‡§Æ‡§æ‡§ß‡•ç‡§Ø‡§Æ ‡§∏‡•á ‡§≠‡•á‡§ú‡§æ ‡§ú‡§æ‡§®‡§æ ‡§ö‡§æ‡§π‡§ø‡§è‡•§ ‡§§‡•ã ‡§Ö‡§¨, ‡§Æ‡•Å‡§ù‡•á UPS ‡§∏‡•ç‡§ü‡•ã‡§∞ ‡§∏‡•á ‡§Æ‡§æ‡§á‡§ï‡•ç‡§∞‡•ã‡§µ‡•á‡§µ ‡§ï‡•ã ‡§∏‡§π‡•Ä ‡§§‡§∞‡•Ä‡§ï‡•á ‡§∏‡•á ‡§™‡•à‡§ï ‡§ï‡§∞‡§µ‡§æ‡§®‡§æ ‡§π‡•à (‡§ú‡§ø‡§∏‡§ï‡•á ‡§≤‡§ø‡§è ‡§Æ‡•à‡§Ç‡§®‡•á ‡§≠‡•Å‡§ó‡§§‡§æ‡§® ‡§ï‡§ø‡§Ø‡§æ ‡§π‡•à) ‡§î‡§∞ ‡§á‡§∏‡•á ‡§Ö‡§™‡§®‡•Ä ‡§≤‡§æ‡§ó‡§§ ‡§™‡§∞ ‡§µ‡§æ‡§™‡§∏ ‡§≠‡•á‡§ú‡§®‡§æ ‡§π‡•à‡•§  

‡§á‡§∏ ‡§ï‡§π‡§æ‡§®‡•Ä ‡§ï‡§æ ‡§®‡§ø‡§∑‡•ç‡§ï‡§∞‡•ç‡§∑ ‡§Ø‡§π ‡§π‡•à: ‡§á‡§∏ ‡§Æ‡§æ‡§á‡§ï‡•ç‡§∞‡•ã‡§µ‡•á‡§µ ‡§ï‡•ã ‡§® ‡§ñ‡§∞‡•Ä‡§¶‡•á‡§Ç! ‡§è‡§ï ‡§Ö‡§®‡•ç‡§Ø ‡§¨‡•ç‡§∞‡§æ‡§Ç‡§° ‡§ñ‡•ã‡§ú‡•á‡§Ç ‡§î‡§∞ ‡§è‡§ï ‡§∏‡•ç‡§•‡§æ‡§®‡•Ä‡§Ø ‡§¨‡§ø‡§ó-‡§¨‡•â‡§ï‡•ç‡§∏ ‡§∏‡•ç‡§ü‡•ã‡§∞ ‡§∏‡•á ‡§ñ‡§∞‡•Ä‡§¶‡•á‡§Ç ‡§§‡§æ‡§ï‡§ø ‡§Ö‡§ó‡§∞ ‡§ó‡•Å‡§£‡§µ‡§§‡•ç‡§§‡§æ ‡§ñ‡§∞‡§æ‡§¨ ‡§π‡•ã ‡§ú‡§æ‡§§‡•Ä ‡§π‡•à ‡§Ø‡§æ ‡§â‡§§‡•ç‡§™‡§æ‡§¶ ‡§ï‡•ç‡§∑‡§§‡§ø‡§ó‡•ç‡§∞‡§∏‡•ç‡§§ ‡§π‡•ã ‡§ú‡§æ‡§§‡§æ ‡§π‡•à, ‡§§‡•ã ‡§Ü‡§∏‡§æ‡§® ‡§∞‡§ø‡§ü‡§∞‡•ç‡§® ‡§π‡•ã ‡§∏‡§ï‡•á‡•§ ‡§Æ‡•á‡§∞‡•Ä ‡§ï‡§π‡§æ‡§®‡•Ä ‡§è‡§ï ‡§∏‡§ø‡§∞‡§¶‡§∞‡•ç‡§¶ ‡§ï‡•á ‡§∞‡•Ç‡§™ ‡§Æ‡•á‡§Ç ‡§ï‡§æ‡§∞‡•ç‡§Ø ‡§ï‡§∞‡•á‡§Ç ‡§ú‡•ã ‡§Ü‡§™‡§ï‡•ã ‡§®‡§π‡•Ä‡§Ç ‡§ö‡§æ‡§π‡§ø‡§è‡•§  

‡§∏‡§¨‡§∏‡•á ‡§®‡§ø‡§∞‡§æ‡§∂‡§æ‡§ú‡§®‡§ï ‡§¨‡§æ‡§§ ‡§Ø‡§π ‡§•‡•Ä ‡§ï‡§ø Toshiba ‡§ï‡§∏‡•ç‡§ü‡§Æ‡§∞ ‡§∏‡§∞‡•ç‡§µ‡§ø‡§∏ ‡§ï‡•á ‡§∏‡§æ‡§• ‡§ï‡•â‡§≤ ‡§ï‡§∞‡§®‡•á ‡§™‡§∞ ‡§â‡§®‡•ç‡§π‡•ã‡§Ç‡§®‡•á ‡§Ö‡§™‡§®‡•á ‡§¶‡•ã‡§∑‡§™‡•Ç‡§∞‡•ç‡§£ ‡§â‡§§‡•ç‡§™‡§æ‡§¶ ‡§ï‡•á ‡§∏‡§æ‡§• ‡§ñ‡§°‡§º‡•á ‡§π‡•ã‡§®‡•á ‡§Æ‡•á‡§Ç ‡§µ‡§ø‡§´‡§≤‡§§‡§æ ‡§ï‡•Ä‡•§ ‡§µ‡•á ‡§∞‡•ã‡§¨‡•ã‡§ü‡§ø‡§ï ‡§•‡•á ‡§î‡§∞ ‡§∏‡§Æ‡§∏‡•ç‡§Ø‡§æ ‡§ï‡•ã ‡§†‡•Ä‡§ï ‡§ï‡§∞‡§®‡•á ‡§ï‡•á ‡§≤‡§ø‡§è ‡§ï‡•Å‡§õ ‡§≠‡•Ä ‡§®‡§π‡•Ä‡§Ç ‡§ï‡§ø‡§Ø‡§æ‡•§ ‡§è‡§ï ‡§Ö‡§®‡•ç‡§Ø ‡§¨‡•ç‡§∞‡§æ‡§Ç‡§° ‡§ï‡•á ‡§∏‡§æ‡§• ‡§ú‡§æ‡§è‡§Ç‡•§",,Old,No sarcasm ,Dissatisfied,"Video mein TOSHIBA EM131A5C-BS Microwave Oven dikhaya gaya hai, jo to chal raha hai lekin har waqt ek bohot zyada shor machata hai. Yeh noise itna distracting hai ki use karna mushkil ho gaya hai. Yeh dikhata hai ki microwave ke internal components ya motor mein koi issue hai"
B09GTRVJQM,https://www.amazon.com/gp/customer-reviews/R2KS4LPP72GV0X/ref=cm_cr_getr_d_rvw_ttl?ie=UTF8&ASIN=B09GTRVJQM,"LEVOIT Air Purifiers for Bedroom Home, 3-in-1 Filter Cleaner with Fragrance Sponge for Better Sleep, Filters Smoke, Allergies, Pet Dander, Odor, Dust, Office, Desktop, Portable, Core Mini-P, White",Working with customer service is a nightmare!,1,"I loved it in the beginning, however 2 ‡§Æ‡§π‡•Ä‡§®‡•á ‡§ï‡•á ‡§¨‡§æ‡§¶ ‡§Ø‡•á ‡§ï‡§æ‡§Æ ‡§ï‡§∞‡§®‡§æ ‡§¨‡§Ç‡§¶ ‡§ï‡§∞ ‡§¶‡§ø‡§Ø‡§æ‡•§ Trying to get an exchange from this company is ‡§≤‡§ó‡§≠‡§ó ‡§Ö‡§∏‡§Ç‡§≠‡§µ ‡§π‡•à‡•§ I've sent them all the paperwork ‡§≤‡•á‡§ï‡§ø‡§® ‡§Æ‡•à‡§Ç ‡§Ö‡§™‡§®‡•á ‡§´‡•ã‡§® ‡§∏‡•á ‡§µ‡•Ä‡§°‡§ø‡§Ø‡•ã ‡§®‡§π‡•Ä‡§Ç ‡§≠‡•á‡§ú ‡§™‡§æ ‡§∞‡§π‡§æ ‡§π‡•Ç‡§Å‡•§ However Amazon ‡§µ‡•Ä‡§°‡§ø‡§Ø‡•ã ‡§∏‡•ç‡§µ‡•Ä‡§ï‡§æ‡§∞ ‡§ï‡§∞ ‡§∏‡§ï‡§§‡§æ ‡§π‡•à, ‡§∂‡§æ‡§Ø‡§¶ ‡§ï‡§Ç‡§™‡§®‡•Ä ‡§µ‡§π‡§æ‡§Å ‡§á‡§∏‡•á ‡§¶‡•á‡§ñ ‡§≤‡•á‡•§",Female,,No sarcasm ,Dissatisfied,"Video mein LEVOIT Air Purifier Core Mini-P dikhaya gaya hai, jahan user ek bade masle ka izhaar karta hai. Jab wo power button dabata hai, toh koi response nahi milta, halankee unit puri tarah se sajayi aur charge hui hui thi. Usne teen baar sab kuch dobara check kiya, lekin device bilkul kaam nahi kar raha. Yeh ek potential defect dikhata hai."
B08KSRYGW4,https://www.amazon.com/gp/customer-reviews/R2IT18IR0ULL0J/ref=cm_cr_getr_d_rvw_ttl?ie=UTF8&ASIN=B08KSRYGW4,"The FlexSeries Electric Head Hair Shaver - Freebird - Ultimate Mens Cordless Rechargeable Wet/Dry Skull & Bald Head Waterproof Razor with Rotary Blades, Clippers, Nose Trimmer, Brush, Massager","Great shave, Cheaper than sheeet",1,"Great shave ‡§ï‡•Å‡§õ ‡§∏‡§Æ‡§Ø ‡§ï‡•á ‡§≤‡§ø‡§è, ‡§™‡§π‡§≤‡§æ ‡§è‡§ï ‡§π‡§´‡•ç‡§§‡•á ‡§§‡§ï ‡§ö‡§≤‡§§‡§æ ‡§π‡•à ‡§≤‡•á‡§ï‡§ø‡§® ‡§â‡§∏‡§ï‡•á ‡§¨‡§æ‡§¶ ‡§ö‡§æ‡§∞‡•ç‡§ú ‡§®‡§π‡•Ä‡§Ç ‡§∞‡§π‡§§‡§æ‡•§ Customer service ‡§¶‡•Ç‡§∏‡§∞‡§æ ‡§≠‡•á‡§ú‡§§‡•Ä ‡§π‡•à, ‡§î‡§∞ ‡§µ‡•ã ‡§è‡§ï ‡§¨‡§æ‡§∞ ‡§á‡§∏‡•ç‡§§‡•á‡§Æ‡§æ‡§≤ ‡§ï‡§∞‡§®‡•á ‡§ï‡•á ‡§¨‡§æ‡§¶ ‡§¨‡§Ç‡§¶ ‡§π‡•Ä ‡§®‡§π‡•Ä‡§Ç ‡§π‡•ã‡§§‡§æ‡•§ ‡§Æ‡§ú‡§º‡•á‡§¶‡§æ‡§∞ ‡§π‡•à, ‡§≤‡•á‡§ï‡§ø‡§® ‡§á‡§∏ ‡§ï‡•Ä‡§Æ‡§§ ‡§™‡§∞ ‡§¨‡•á‡§π‡§¶ ‡§™‡§∞‡•á‡§∂‡§æ‡§® ‡§ï‡§∞‡§®‡•á ‡§µ‡§æ‡§≤‡§æ‡•§",Male,Middle Aged,No sarcasm ,Dissatisfied,"Video mein The FlexSeries Electric Head Hair Shaver by Freebird dikhaya gaya hai, jahan user ek malfunction dikhata hai. Jab wo machine ko chalu karta hai, toh wo kaam karta hai, lekin jab off karne ki koshish karta hai, toh wo band nahi hota. Hatta ki usko floor par dabane par bhi koi asar nahi hota. Yeh device off hone ke bajaye hamesha 'on' hi rehta hai."
B09FZ42BTP,https://www.amazon.com/gp/customer-reviews/RT16CU1LR0T5I/ref=cm_cr_getr_d_rvw_ttl?ie=UTF8&ASIN=B09FZ42BTP,ORSEN 8.5 Inch LCD Doodle Board Tablet Toy - Green Dinosaur Drawing Pad for Kids 2-6 Years Old - Christmas and Birthday Gifts,Erasing button does not work,1,"Play Video  
‡§Æ‡§ø‡§ü‡§æ‡§®‡•á ‡§µ‡§æ‡§≤‡§æ ‡§¨‡§ü‡§® ‡§ï‡§æ‡§Æ ‡§®‡§π‡•Ä‡§Ç ‡§ï‡§∞ ‡§∞‡§π‡§æ‡•§ I just received it today ‡§î‡§∞ ‡§™‡•à‡§ï‡•á‡§ú ‡§∏‡•á ‡§®‡§ø‡§ï‡§æ‡§≤‡§ï‡§∞ ‡§ü‡•á‡§∏‡•ç‡§ü ‡§ï‡§ø‡§Ø‡§æ ‡§≤‡•á‡§ï‡§ø‡§® erase button ‡§ï‡•Å‡§õ ‡§®‡§π‡•Ä‡§Ç ‡§ï‡§∞ ‡§∞‡§π‡§æ‡•§",Female,,No sarcasm ,Dissatisfied,"Video mein ORSEN 8.5 Inch LCD Doodle Board Tablet Toy dikhaya gaya hai, jahan user ek functionality issue dikhata hai. Jab wo erase button baar baar dabata hai, toh likha hua content badalne ki bajaye waise ka waise hi rehta hai. Yeh dikhata hai ki erase function mein koi defect hai jo kaam nahi kar raha."
B0986VT2PP,https://www.amazon.com/gp/customer-reviews/RIY3STTUR843U/ref=cm_cr_getr_d_rvw_ttl?ie=UTF8&ASIN=B0986VT2PP,"Bissell Little Green Pro Portable Carpet & Upholstery Cleaner and Car/Auto Detailer with Deep Stain Tool, 3"" Tough Stain Tool, Plus Two 8 oz. Trial-Size Formulas, 3194",Doesnt spray,1,"I used it one time ‡§î‡§∞ ‡§´‡§ø‡§∞ ‡§Ø‡•á ‡§∏‡•ç‡§™‡•ç‡§∞‡•á ‡§ï‡§∞‡§®‡§æ ‡§¨‡§Ç‡§¶ ‡§ï‡§∞ ‡§¶‡§ø‡§Ø‡§æ, ‡§î‡§∞ ‡§∏‡§ö ‡§ï‡§π‡•Ç‡§Å ‡§§‡•ã ‡§™‡§π‡§≤‡•Ä ‡§¨‡§æ‡§∞ ‡§≠‡•Ä ‡§†‡•Ä‡§ï ‡§∏‡•á ‡§∏‡•ç‡§™‡•ç‡§∞‡•á ‡§®‡§π‡•Ä‡§Ç ‡§ï‡§ø‡§Ø‡§æ‡•§ ‡§™‡§π‡§≤‡•Ä ‡§¨‡§æ‡§∞ ‡§ú‡§¨ ‡§Æ‡•à‡§Ç‡§®‡•á ‡§á‡§∏‡•á ‡§á‡§∏‡•ç‡§§‡•á‡§Æ‡§æ‡§≤ ‡§ï‡§ø‡§Ø‡§æ ‡§§‡•ã ‡§Ø‡•á ‡§¨‡§∏ ‡§ü‡§™‡§ï ‡§∞‡§π‡§æ ‡§•‡§æ, ‡§≤‡•á‡§ï‡§ø‡§® ‡§ï‡§æ‡§∞‡§™‡•á‡§ü ‡§≠‡•Ä‡§ó ‡§∞‡§π‡§æ ‡§•‡§æ ‡§á‡§∏‡§≤‡§ø‡§è ‡§≤‡§ó‡§æ ‡§ï‡§ø ‡§∂‡§æ‡§Ø‡§¶ ‡§Ø‡•á ‡§µ‡•à‡§∏‡•á ‡§π‡•Ä ‡§ï‡§æ‡§Æ ‡§ï‡§∞‡§§‡§æ ‡§π‡•ã‡•§ ‡§¶‡•Ç‡§∏‡§∞‡•Ä ‡§¨‡§æ‡§∞ ‡§ú‡§¨ ‡§á‡§∏‡•á ‡§ö‡§≤‡§æ‡§®‡•á ‡§ï‡•Ä ‡§ï‡•ã‡§∂‡§ø‡§∂ ‡§ï‡•Ä ‡§§‡•ã ‡§® ‡§∏‡•ç‡§™‡•ç‡§∞‡•á ‡§ï‡§ø‡§Ø‡§æ ‡§î‡§∞ ‡§® ‡§π‡•Ä ‡§™‡§æ‡§®‡•Ä ‡§ü‡§™‡§ï‡§æ‡•§ I went through all the steps to troubleshoot ‡§≤‡•á‡§ï‡§ø‡§® ‡§ï‡•Å‡§õ ‡§®‡§π‡•Ä‡§Ç ‡§π‡•Å‡§Ü‡•§  
‡§¨‡§ø‡§≤‡§ï‡•Å‡§≤ ‡§∏‡§Æ‡§Ø ‡§ï‡•Ä ‡§¨‡§∞‡•ç‡§¨‡§æ‡§¶‡•Ä, ‡§á‡§∏‡•á ‡§î‡§∞ ‡§Æ‡•á‡§∞‡•á ‡§®‡§µ‡§ú‡§æ‡§§ ‡§¨‡§ö‡•ç‡§ö‡•á ‡§ï‡•ã ‡§≤‡•á‡§ï‡§∞ ‡§ü‡•ç‡§∞‡§ï ‡§∏‡§æ‡§´ ‡§ï‡§∞‡§®‡•á ‡§ï‡•Ä ‡§ï‡•ã‡§∂‡§ø‡§∂ ‡§ï‡§∞‡§®‡§æ‡•§",Female,Middle Aged,No sarcasm ,Dissatisfied,"Video mein Bissell Little Green Pro Portable Carpet & Upholstery Cleaner dikhaya gaya hai, jahan user ek issue dikhata hai. Halankee machine kaam kar rahi hai, lekin expected tareeke se water spray nahi hota, jo iska cleaning functionality mein ek malfunction ko dikhata hai."
B07DNYSJ8W,https://www.amazon.com/gp/customer-reviews/R8BASBONOQEWX/ref=cm_cr_getr_d_rvw_ttl?ie=UTF8&ASIN=B07DNYSJ8W,"FLYBIRD Weight Bench, Adjustable Strength Training Bench for Full Body Workout with Fast Folding-New Version",Very Unstable,1,"I purchased this item for the value ‡§≤‡•á‡§ï‡§ø‡§® ‡§á‡§∏ ‡§™‡§∞ ‡§¨‡•à‡§†‡§®‡§æ ‡§∏‡•Å‡§∞‡§ï‡•ç‡§∑‡§ø‡§§ ‡§®‡§π‡•Ä‡§Ç ‡§π‡•à‡•§ I've adjusted the legs ‡§ï‡§à ‡§¨‡§æ‡§∞ ‡§Ö‡§≤‡§ó-‡§Ö‡§≤‡§ó ‡§™‡•ã‡§ú‡•Ä‡§∂‡§® ‡§Æ‡•á‡§Ç ‡§≤‡•á‡§ï‡§ø‡§® ‡§¨‡•á‡§Ç‡§ö ‡§≤‡§ó‡§æ‡§§‡§æ‡§∞ ‡§π‡§ø‡§≤‡§§‡•Ä ‡§∞‡§π‡§§‡•Ä ‡§π‡•à‡•§ ‡§á‡§∏‡•á ‡§Æ‡•à‡§Ç‡§®‡•á ‡§∏‡§∞‡•ç‡§ú‡§∞‡•Ä ‡§∏‡•á ‡§∞‡§ø‡§ï‡§µ‡§∞‡•Ä ‡§ï‡•á ‡§¶‡•å‡§∞‡§æ‡§® ‡§ñ‡§∞‡•Ä‡§¶‡§æ ‡§•‡§æ ‡§î‡§∞ ‡§ú‡§¨ ‡§Æ‡•Å‡§ù‡•á ‡§è‡§ï‡•ç‡§∏‡§∞‡§∏‡§æ‡§á‡§ú ‡§ï‡•Ä ‡§Ö‡§®‡•Å‡§Æ‡§§‡§ø ‡§Æ‡§ø‡§≤‡•Ä ‡§§‡§¨ ‡§§‡§ï return window ‡§®‡§ø‡§ï‡§≤ ‡§ö‡•Å‡§ï‡•Ä ‡§•‡•Ä‡•§  
‡§∏‡§∏‡•ç‡§§‡§æ ‡§¨‡§®‡§æ ‡§π‡•à ‡§î‡§∞ ‡§¨‡§π‡•Å‡§§ ‡§®‡§ø‡§∞‡§æ‡§∂‡§æ‡§ú‡§®‡§ï‡•§",Male,Middle Aged,No sarcasm ,Dissatisfied,"Video mein FLYBIRD Adjustable Weight Bench dikhaya gaya hai, jahan user ek stability issue dikhata hai. Jab wo bench ko push karta hai, toh yeh left se right tak barasti hai, jo iska instability dikhata hai. User ne yeh karke baar-baar dikhaya aur kaha ki woh is issue ke karan product recommend nahi karenge."
B01MYN9K5B,https://www.amazon.com/gp/customer-reviews/RMDL3BAV2PTAV/ref=cm_cr_getr_d_rvw_ttl?ie=UTF8&ASIN=B01MYN9K5B,LINENSPA Memory Foam Mattress Topper - 2 Inch Gel Infused Memory Foam - Plush Feel - Cooling and Pressure Relieving - CertiPUR Certified - Dorm Room Essentials - Queen Size,Too many con's - keep shopping,1,"Play Video  
‡§ú‡§¨ 3 ‡§á‡§Ç‡§ö ‡§ï‡§æ ‡§Æ‡•á‡§Æ‡•ã‡§∞‡•Ä ‡§´‡•ã‡§Æ ‡§Æ‡•à‡§ü‡•ç‡§∞‡•á‡§∏ ‡§ü‡•â‡§™‡§∞ ‡§Æ‡§ø‡§≤‡§æ ‡§§‡•ã ‡§¨‡§π‡•Å‡§§ excited ‡§•‡§æ, however, ‡§Ø‡•á ‡§π‡§Æ‡§æ‡§∞‡•á ‡§≤‡§ø‡§è ‡§ï‡§æ‡§Æ ‡§®‡§π‡•Ä‡§Ç ‡§Ü‡§Ø‡§æ‡•§ ‡§¨‡§π‡•Å‡§§ soft ‡§π‡•à, ‡§á‡§§‡§®‡§æ ‡§®‡•Ä‡§ö‡•á ‡§ß‡§Ç‡§∏ ‡§ú‡§æ‡§§‡•á ‡§π‡•à‡§Ç ‡§ï‡§ø ‡§´‡•ã‡§Æ ‡§ï‡•Ä ‡§™‡•â‡§ï‡•á‡§ü ‡§Æ‡•á‡§Ç ‡§´‡§Ç‡§∏ ‡§ú‡§æ‡§§‡•á ‡§π‡•à‡§Ç ‡§î‡§∞ ‡§Ø‡•á ‡§ó‡§∞‡•ç‡§Æ ‡§≠‡•Ä ‡§π‡•ã ‡§ú‡§æ‡§§‡§æ ‡§π‡•à‡•§ It is very hard to move around ‡§ï‡•ç‡§Ø‡•ã‡§Ç‡§ï‡§ø 3-‡§á‡§Ç‡§ö ‡§´‡•ã‡§Æ ‡§Æ‡•á‡§Ç ‡§á‡§§‡§®‡•Ä ‡§ó‡§π‡§∞‡§æ‡§à ‡§§‡§ï ‡§ß‡§Ç‡§∏ ‡§ú‡§æ‡§§‡•á ‡§π‡•à‡§Ç ‡§ï‡§ø ‡§ï‡§≠‡•Ä-‡§ï‡§≠‡•Ä ‡§¨‡§ø‡§∏‡•ç‡§§‡§∞ ‡§∏‡•á ‡§¨‡§æ‡§π‡§∞ ‡§®‡§ø‡§ï‡§≤‡§ï‡§∞ ‡§∞‡•Ä-‡§è‡§°‡§ú‡§∏‡•ç‡§ü ‡§ï‡§∞‡§®‡§æ ‡§™‡§°‡§º‡§§‡§æ ‡§π‡•à‡•§ ‡§™‡•à‡§° ‡§ï‡•á ‡§ï‡•ã‡§®‡•á ‡§∏‡§ø‡§ï‡•Å‡§°‡§º ‡§ó‡§è ‡§π‡•à‡§Ç ‡§î‡§∞ ‡§Ö‡§¨ ‡§Ø‡•á ‡§π‡§Æ‡§æ‡§∞‡•á ‡§ï‡•ç‡§µ‡•Ä‡§®-‡§∏‡§æ‡§á‡§ú‡§º ‡§¨‡•á‡§° ‡§™‡§∞ ‡§´‡§ø‡§ü ‡§®‡§π‡•Ä‡§Ç ‡§π‡•ã‡§§‡§æ‡•§  
‡§π‡§Æ‡§æ‡§∞‡•á ‡§§‡§ï‡§ø‡§è headboard ‡§î‡§∞ ‡§∏‡§ø‡§ï‡•Å‡§°‡§º‡•á ‡§π‡•Å‡§è ‡§´‡•ã‡§Æ ‡§ï‡•á ‡§¨‡•Ä‡§ö ‡§ó‡§ø‡§∞ ‡§∞‡§π‡•á ‡§π‡•à‡§Ç‡•§  
:(",Male,Middle Aged,No sarcasm ,Dissatisfied,"Video mein LINENSPA Memory Foam Mattress Topper dikhaya gaya hai, jahan user kai masle dikhata hai. Pehle, foam ke corners deform aur misshapen dikhai dete hain. Uske alawa, jab hand se pressure diya jata hai, toh foam asani se compress ho jata hai. Sochte waqt yeh body ke saath chipak jaata hai aur heat trap karta hai, halankee video mein fan bhi directly upar dikhaya gaya hai. Foam ka slow rebound user ko discomfort karta hai, aur har baar sote waqt badalne par majboor karta hai. Do mahine ke baad, user ko apne purchase ka regret hai, aur lagta hai woh isse wapas kar bhi nahi sakte. Aab unhe ise feko hi karna padega."
B089QXMQXK,https://www.amazon.com/gp/customer-reviews/R2F4KNNQEYWC58/ref=cm_cr_getr_d_rvw_ttl?ie=UTF8&ASIN=B089QXMQXK,"Bedsure Orthopedic Dog Bed for Medium Dogs - Waterproof Dog Sofa Beds Medium, Supportive Foam Pet Couch Bed with Removable Washable Cover, Waterproof Lining and Nonskid Bottom, Grey, 28""x23""x6.5""",Nice bed but useless without a functioning zipper,1,"This pet bed ‡§¨‡§ø‡§≤‡•ç‡§ï‡•Å‡§≤ ‡§µ‡•à‡§∏‡§æ ‡§π‡•Ä ‡§¶‡§ø‡§ñ‡§§‡§æ ‡§π‡•à ‡§ú‡•à‡§∏‡§æ ‡§§‡§∏‡•ç‡§µ‡•Ä‡§∞ ‡§Æ‡•á‡§Ç ‡§π‡•à‡•§ The material is soft, ‡§Ö‡§ö‡•ç‡§õ‡•Ä ‡§Æ‡•ã‡§ü‡§æ‡§à ‡§ï‡•á ‡§∏‡§æ‡§•, ‡§î‡§∞ ‡§´‡•ã‡§Æ ‡§™‡•à‡§°‡§ø‡§Ç‡§ó ‡§Ö‡§ö‡•ç‡§õ‡•Ä ‡§§‡§∞‡§π ‡§∏‡•á ‡§¨‡§®‡•Ä ‡§π‡•Å‡§à ‡§π‡•à ‚Äì sturdy, ‡§® ‡§ï‡§ø ‡§π‡§≤‡•ç‡§ï‡•Ä ‡§Ø‡§æ ‡§∏‡§∏‡•ç‡§§‡•Ä‡•§ ‡§ú‡§¨ ‡§Æ‡•à‡§Ç‡§®‡•á ‡§¨‡•á‡§° ‡§ï‡•ã ‡§Ö‡§®‡§™‡•à‡§ï ‡§ï‡§ø‡§Ø‡§æ, ‡§§‡•ã ‡§Æ‡•à‡§Ç‡§®‡•á ‡§∏‡•ã‡§ö‡§æ, ""‡§Ø‡•á 5 ‡§∏‡•ç‡§ü‡§æ‡§∞ ‡§¨‡•á‡§° ‡§π‡•à‡•§"" Unfortunately, ‡§∏‡§¨ ‡§¨‡§ø‡§ó‡§°‡§º ‡§ó‡§Ø‡§æ ‡§ú‡§¨ ‡§Æ‡•à‡§Ç‡§®‡•á ‡§´‡•ã‡§Æ ‡§™‡•à‡§°‡§ø‡§Ç‡§ó ‡§°‡§æ‡§≤‡§®‡•á ‡§ï‡•Ä ‡§ï‡•ã‡§∂‡§ø‡§∂ ‡§ï‡•Ä‡•§  

The top piece of the zipper (‡§ú‡§ø‡§∏‡•á ‡§™‡§ï‡§°‡§º‡§ï‡§∞ ‡§ú‡§º‡§ø‡§™ ‡§ä‡§™‡§∞-‡§®‡•Ä‡§ö‡•á ‡§ï‡§∞‡§§‡•á ‡§π‡•à‡§Ç), ‡§Æ‡•á‡§∞‡•á ‡§π‡§æ‡§• ‡§Æ‡•á‡§Ç crumble ‡§π‡•ã ‡§ó‡§Ø‡§æ ‚Ä¶ ‡§ñ‡•Ä‡§Ç‡§ö‡§æ ‡§®‡§π‡•Ä‡§Ç, ‡§¨‡§∏ ‡§™‡§ï‡§°‡§º‡§æ ‡§•‡§æ‡•§ Literally, ‡§Ø‡•á ‡§§‡•Ä‡§® ‡§ü‡•Å‡§ï‡§°‡§º‡•ã‡§Ç ‡§Æ‡•á‡§Ç ‡§ü‡•Ç‡§ü ‡§ó‡§Ø‡§æ! ‡§Æ‡•à‡§Ç‡§®‡•á ‡§∏‡•ã‡§ö‡§æ ‡§ï‡§ø ‡§á‡§∏‡•á ‡§µ‡§æ‡§™‡§∏ ‡§ú‡•ã‡§°‡§º ‡§∏‡§ï‡§§‡§æ ‡§π‡•Ç‡§Å, ‡§≤‡•á‡§ï‡§ø‡§® ‡§ï‡§∞‡•Ä‡§¨ ‡§∏‡•á ‡§¶‡•á‡§ñ‡§®‡•á ‡§™‡§∞ ‡§∏‡§æ‡§´ ‡§π‡•ã ‡§ó‡§Ø‡§æ ‡§ï‡§ø ‡§ï‡•Å‡§õ ‡§π‡§ø‡§∏‡•ç‡§∏‡•á ‡§ó‡§æ‡§Ø‡§¨ ‡§π‡•à‡§Ç ‚Äì ‡§ú‡•ã ‡§∏‡§Æ‡§ù‡§æ‡§§‡§æ ‡§π‡•à ‡§ï‡§ø ‡§Ø‡•á ‡§ï‡•ç‡§Ø‡•ã‡§Ç ‡§ü‡•Ç‡§ü ‡§ó‡§Ø‡§æ‡•§  

‡§Æ‡•à‡§Ç‡§®‡•á ‡§π‡§æ‡§• ‡§∏‡•á ‡§ú‡§º‡§ø‡§™‡§∞ ‡§ñ‡•Ä‡§Ç‡§ö‡§®‡•á ‡§ï‡•Ä ‡§ï‡•ã‡§∂‡§ø‡§∂ ‡§ï‡•Ä (‡§™‡•à‡§°‡§ø‡§Ç‡§ó ‡§°‡§æ‡§≤‡§®‡•á ‡§ï‡•á ‡§≤‡§ø‡§è ‡§ú‡§º‡§ø‡§™ ‡§ñ‡•ã‡§≤‡§®‡•Ä ‡§ú‡§º‡§∞‡•Ç‡§∞‡•Ä ‡§•‡•Ä), ‡§≤‡•á‡§ï‡§ø‡§® ‡§ú‡§º‡§ø‡§™‡§∞ ‡§è‡§ï ‡§á‡§Ç‡§ö ‡§≠‡•Ä ‡§®‡§π‡•Ä‡§Ç ‡§π‡§ø‡§≤‡•Ä‡•§ I then tried long nose pliers ‡§≤‡•á‡§ï‡§ø‡§® ‡§´‡§ø‡§∞ ‡§≠‡•Ä ‡§ú‡§º‡§ø‡§™ ‡§®‡§π‡•Ä‡§Ç ‡§ö‡§≤‡•Ä‡•§ ‡§á‡§∏ ‡§∏‡§Æ‡§∏‡•ç‡§Ø‡§æ ‡§ï‡•á ‡§ï‡§æ‡§∞‡§£, ‡§Æ‡•à‡§Ç‡§®‡•á 'low rated reviews' ‡§¶‡•á‡§ñ‡•Ä ‡§î‡§∞ ‡§ï‡•ç‡§Ø‡§æ ‡§™‡§æ‡§Ø‡§æ ‚Äì ‡§ï‡§à ‡§î‡§∞ ‡§ñ‡§∞‡•Ä‡§¶‡§æ‡§∞‡•ã‡§Ç ‡§®‡•á ‡§á‡§∏‡•Ä ‡§ú‡§º‡§ø‡§™‡§∞ ‡§∏‡§Æ‡§∏‡•ç‡§Ø‡§æ ‡§ï‡§æ ‡§∏‡§æ‡§Æ‡§®‡§æ ‡§ï‡§ø‡§Ø‡§æ ‡§π‡•à!  

Come on manufacturers!! ‡§á‡§∏‡•á ‡§∏‡§π‡•Ä ‡§ï‡§∞‡§®‡§æ ‡§ú‡§º‡§∞‡•Ç‡§∞‡•Ä ‡§π‡•à‡•§ ‡§ú‡§º‡§ø‡§™‡§∞ ‡§ï‡•Ä ‡§ú‡§º‡§∞‡•Ç‡§∞‡§§ ‡§π‡•ã‡§§‡•Ä ‡§π‡•à ‡§¨‡•á‡§° ‡§Ö‡§∏‡•á‡§Ç‡§¨‡§≤ ‡§ï‡§∞‡§®‡•á ‡§î‡§∞ ‡§´‡•à‡§¨‡•ç‡§∞‡§ø‡§ï ‡§∏‡§æ‡§´ ‡§ï‡§∞‡§®‡•á ‡§ï‡•á ‡§≤‡§ø‡§è ‡§®‡§ø‡§ï‡§æ‡§≤‡§®‡•á ‡§Æ‡•á‡§Ç‡•§ ‡§Æ‡•á‡§∞‡•Ä ‡§¨‡§æ‡§§ ‡§´‡§ø‡§∞ ‡§µ‡§π‡•Ä ‡§π‡•à ‚Ä¶ ‡§ñ‡•Ç‡§¨‡§∏‡•Ç‡§∞‡§§ ‡§¨‡•á‡§°, ‡§¨‡•á‡§π‡§§‡§∞‡•Ä‡§® ‡§´‡•à‡§¨‡•ç‡§∞‡§ø‡§ï ‡§ï‡•á ‡§∏‡§æ‡§•, ‡§≤‡•á‡§ï‡§ø‡§® ‡§¨‡§ø‡§®‡§æ ‡§ï‡§æ‡§Æ ‡§ï‡§∞‡§®‡•á ‡§µ‡§æ‡§≤‡•á ‡§ú‡§º‡§ø‡§™‡§∞ ‡§ï‡•á ‡§™‡•Ç‡§∞‡•Ä ‡§§‡§∞‡§π ‡§¨‡•á‡§ï‡§æ‡§∞!!",Female,Middle Aged,No sarcasm ,Dissatisfied,"Video mein Bedsure Orthopedic Dog Bed dikhaya gaya hai, jahan user ek issue dikhata hai zip cover mein. Dono haathon se koshish karne ke bawajood, zipper jam gaya aur open nahi hua. Jab user ne zip handle kiya, toh zipper tod gaya aur teen tukde todo dikhai diye, jo ki kharab quality aur durability dikhata hai."
B0CWS8MNW1,https://www.amazon.com/gp/customer-reviews/R1KRIJM7796HWW/ref=cm_cr_getr_d_rvw_ttl?ie=UTF8&ASIN=B0CWS8MNW1,"Samsung Galaxy Tab S6 Lite 10.4' 64GB WiFi Android Tablet, S Pen Included, Gaming Ready, Long Battery Life, Slim Metal Design, Expandable Storage, US Version, Oxford Gray, Amazon Exclusive",Defective device,1,"I bought this tablet ‡§Ö‡§™‡§®‡•Ä ‡§¨‡•á‡§ü‡•Ä ‡§ï‡•á ‡§≤‡§ø‡§è gift ‡§ï‡•á ‡§§‡•å‡§∞ ‡§™‡§∞, ‡§î‡§∞ 1 ‡§Æ‡§π‡•Ä‡§®‡•á use ‡§ï‡§∞‡§®‡•á ‡§ï‡•á ‡§¨‡§æ‡§¶ screen constantly flicker ‡§ï‡§∞ ‡§∞‡§π‡•Ä ‡§π‡•à‡•§ ‡§Ö‡§¨ ‡§Æ‡•à‡§Ç ‡§á‡§∏‡•á return ‡§≠‡•Ä ‡§®‡§π‡•Ä‡§Ç ‡§ï‡§∞ ‡§∏‡§ï‡§§‡§æ ‡§ï‡•ç‡§Ø‡•ã‡§Ç‡§ï‡§ø ‡§ï‡•ã‡§à option available ‡§®‡§π‡•Ä‡§Ç ‡§π‡•à ‡§î‡§∞ device ‡§¶‡•Ç‡§∏‡§∞‡•á country ‡§Æ‡•á‡§Ç ‡§π‡•à ‡§ï‡•ç‡§Ø‡•ã‡§Ç‡§ï‡§ø ‡§Ø‡•á gift ‡§•‡§æ‡•§ ‡§á‡§§‡§®‡§æ ‡§ñ‡§∞‡§æ‡§¨ experience ‚Äì Amazon defective products sell ‡§ï‡§∞‡§§‡§æ ‡§π‡•à!!",Male,Middle Aged,No sarcasm ,Dissatisfied,"Video mein Samsung Galaxy Tab S6 Lite dikhaya gaya hai, jahan user ek lagataar problem dikhata hai. Jab tablet on hota hai, toh screen continuously flicker karti hai, jo use karna mushkil bana deta hai aur ek possible hardware ya display defect ko indicate karta hai."
B07PLZP5LN,https://www.amazon.com/gp/customer-reviews/R2KWSXJ7XAKND5/ref=cm_cr_getr_d_rvw_ttl?ie=UTF8&ASIN=B07PLZP5LN,"HEETA Dry Bag Waterproof for Women Men, 5L/10L/20L/30L/40L Roll Top Lightweight Dry Storage Bag Backpack with Phone Case for Travel, Swimming, Boating, Kayaking, Camping & Beach, 11 Transparent Colors",Holes in both bags,1,"‡§Æ‡•à‡§Ç ‡§¨‡§π‡•Å‡§§ excited ‡§•‡§æ ‡§Ø‡•á bags ‡§≤‡•á‡§®‡•á ‡§ï‡•á ‡§≤‡§ø‡§è ‡§ï‡•ç‡§Ø‡•ã‡§Ç‡§ï‡§ø size ‡§¨‡§ø‡§≤‡•ç‡§ï‡•Å‡§≤ perfect ‡§•‡§æ ‡§è‡§ï camera ‡§∞‡§ñ‡§®‡•á ‡§ï‡•á ‡§≤‡§ø‡§è‡•§ ‡§≤‡•á‡§ï‡§ø‡§® ‡§¶‡•ã‡§®‡•ã‡§Ç bags ‡§®‡•Ä‡§ö‡•á ‡§ï‡•á ‡§™‡§æ‡§∏ ‡§õ‡•ã‡§ü‡•á-‡§õ‡•ã‡§ü‡•á holes ‡§ï‡•á ‡§∏‡§æ‡§• ‡§Ü‡§è‡•§ Thankfully, ‡§Æ‡•á‡§∞‡•Ä ‡§®‡§ú‡§∞ ‡§§‡•á‡§ú‡§º ‡§•‡•Ä, ‡§µ‡§∞‡§®‡§æ kayaking ‡§ï‡•á ‡§¶‡•å‡§∞‡§æ‡§® splashing ‡§ï‡•Ä ‡§µ‡§ú‡§π ‡§∏‡•á ‡§á‡§®‡§Æ‡•á‡§Ç ‡§∞‡§ñ‡§æ ‡§ï‡•ã‡§à ‡§≠‡•Ä ‡§∏‡§æ‡§Æ‡§æ‡§® ‡§ñ‡§∞‡§æ‡§¨ ‡§π‡•ã ‡§∏‡§ï‡§§‡§æ ‡§•‡§æ‡•§ Material ‡§™‡§§‡§≤‡§æ ‡§î‡§∞ plastic-y ‡§≤‡§ó‡§§‡§æ ‡§π‡•à, rubbery feel ‡§®‡§π‡•Ä‡§Ç ‡§π‡•à ‡§ú‡•à‡§∏‡•á Earth Pack ‡§Ø‡§æ Gecko bags ‡§ï‡•á ‡§π‡•ã‡§§‡•á ‡§π‡•à‡§Ç‡•§",Female,middle Aged,No sarcasm ,Dissatisfied,"Video mein HEETA Dry Bag Waterproof dikhaya gaya hai, jahan user ek badi problem dikhata hai. Bag ko demonstrate karte waqt, wo ek visible hole dikhate hain, jo iska waterproof functionality aur swimming, boating ya camping jaise activities ke liye usability ko compromise karta hai."
B06XCYF9F9,https://www.amazon.com/gp/customer-reviews/R3BVSFD21854JQ/ref=cm_cr_getr_d_rvw_ttl?ie=UTF8&ASIN=B06XCYF9F9,Earth Pak Waterproof Dry Bag - Roll Top Waterproof Backpack Sack Keeps Gear Dry for Kayak with Waterproof Phone Case,Water proof not so much,1,"‡§Æ‡•à‡§Ç‡§®‡•á high expectations ‡§∞‡§ñ‡•Ä ‡§•‡•Ä‡§Ç ‡§∏‡§æ‡§∞‡•á positive reviews ‡§¶‡•á‡§ñ‡§ï‡§∞‡•§ Bag ‡§ï‡•ã ‡§Ö‡§≠‡•Ä test ‡§®‡§π‡•Ä‡§Ç ‡§ï‡§ø‡§Ø‡§æ, ‡§≤‡•á‡§ï‡§ø‡§® phone cover test ‡§ï‡§ø‡§Ø‡§æ‡•§ Instructions ‡§ï‡•á ‡§Æ‡•Å‡§§‡§æ‡§¨‡§ø‡§ï tissue test ‡§ï‡§ø‡§Ø‡§æ, ‡§î‡§∞ tissue ‡§™‡•Ç‡§∞‡•Ä ‡§§‡§∞‡§π ‡§∏‡•á ‡§≠‡•Ä‡§ó ‡§ó‡§Ø‡§æ‡•§ ‡§Ü‡§™ video ‡§¶‡•á‡§ñ ‡§∏‡§ï‡§§‡•á ‡§π‡•à‡§Ç‡•§ ‡§Ö‡§ö‡•ç‡§õ‡§æ ‡§π‡•Å‡§Ü ‡§ï‡§ø ‡§Æ‡•à‡§Ç‡§®‡•á phone ‡§∞‡§ñ‡§®‡•á ‡§∏‡•á ‡§™‡§π‡§≤‡•á test ‡§ï‡§∞ ‡§≤‡§ø‡§Ø‡§æ‡•§",Male,middle Aged,No sarcasm ,Dissatisfied,"Video mein Earth Pak Waterproof Dry Bag dikhaya gaya hai, jahan user apne waterproof capabilities ko test karte hain. Bag mein ek piece of paper daal kar, usse pani mein dubai aur upside down shakin karte hain. Jab wo paper nikalte hain, toh woh puri tarah se bhigoa hua hota hai, aur jab press karte hain, toh pani bilkul nikalta hai, jo iska waterproof functionality fail hone ki nishani hai."
B074MW1MTW,https://www.amazon.com/gp/customer-reviews/R3DZDMHA89HT8K/ref=cm_cr_srp_d_rvw_ttl?ie=UTF8&ASIN=B074MW1MTW,"FuelMeFoot 3 Pack Copper Compression Socks - Compression Socks Women & Men Circulation - Best for Medical,Running,Athletic",Holy socks,1,‡§∏‡•â‡§ï‡•ç‡§∏ ‡§Æ‡•á‡§Ç ‡§¶‡•Ç‡§∏‡§∞‡•á ‡§π‡•Ä ‡§¶‡§ø‡§® ‡§õ‡•á‡§¶ ‡§π‡•ã ‡§ó‡§Ø‡§æ! The holes appeared just after wearing them for a couple of days.,Female,Old,No sarcasm ,Dissatisfied,"Video mein FuelMeFoot 3 Pack Copper Compression Socks dikhaya gaya hai, jahan user ek sock mein visible hole dikhata hai. Yeh issue product ki durability aur quality ko compromise karta hai, aur yeh long-term use ke liye suitable nahi hai."
B00SX2YZI0,https://www.amazon.com/gp/customer-reviews/RX9Q4QDMHZNUU/ref=cm_cr_getr_d_rvw_ttl?ie=UTF8&ASIN=B00SX2YZI0,"Hawkins 3 Litre Classic Pressure Cooker, Tall Design Inner Lid Cooker, Best Cooker, Silver (CL3T)",It was defective,1,"‡§Ø‡§π product defective ‡§•‡§æ, ‡§á‡§∏‡§≤‡§ø‡§è ‡§Æ‡•à‡§Ç ‡§á‡§∏‡•ç‡§§‡•á‡§Æ‡§æ‡§≤ ‡§®‡§π‡•Ä‡§Ç ‡§ï‡§∞ ‡§∏‡§ï‡§æ‡•§ Pot ‡§∏‡§π‡•Ä ‡§∏‡•á ‡§ï‡§ü ‡§®‡§π‡•Ä‡§Ç ‡§•‡§æ, ‡§î‡§∞ ‡§ä‡§™‡§∞ ‡§µ‡§æ‡§≤‡§æ ‡§π‡§ø‡§∏‡•ç‡§∏‡§æ ‡§â‡§∏‡§Æ‡•á‡§Ç ‡§∏‡§π‡•Ä ‡§∏‡•á ‡§´‡§ø‡§ü ‡§®‡§π‡•Ä‡§Ç ‡§π‡•ã ‡§™‡§æ ‡§∞‡§π‡§æ ‡§•‡§æ‡•§ ‡§®‡§Ø‡§æ ‡§≠‡•á‡§ú‡§®‡•á ‡§ï‡•Ä ‡§ï‡•ã‡§∂‡§ø‡§∂ ‡§ï‡§∞ ‡§∞‡§π‡§æ ‡§π‡•Ç‡§Å, ‡§ï‡•ç‡§Ø‡•ã‡§Ç‡§ï‡§ø ‡§Ö‡§ó‡§∞ ‡§®‡§Ø‡§æ ‡§Æ‡§ø‡§≤ ‡§ú‡§æ‡§è ‡§§‡•ã ‡§Æ‡•à‡§Ç ‡§á‡§∏‡•á ‡§ú‡§∞‡•Ç‡§∞ ‡§â‡§™‡§Ø‡•ã‡§ó ‡§ï‡§∞‡§®‡§æ ‡§ö‡§æ‡§π‡•Ç‡§Ç‡§ó‡§æ‡•§",Female,middle Aged,No sarcasm ,Dissatisfied,"Video mein Hawkins 3 Litre Classic Pressure Cooker dikhaya gaya hai, jahan user ek issue dikhata hai lid ke saath. Halankee wo bar-baar koshish karte hain, lekin lid properly secure close nahi hoti, kyunki yeh vessel ke opening pe achhe se fit nahi hoti. Yeh ek manufacturing defect ya sizing issue dikhata hai."
B0CJMJS3DS,https://www.amazon.com/gp/customer-reviews/R2KM7GA9MDXCJ8/ref=cm_cr_getr_d_rvw_ttl?ie=UTF8&ASIN=B0CJMJS3DS,"NEW'C 3 Pack Designed for iPhone 16, iPhone 15, iPhone 15 Pro (6.1 inches) Screen Protector Tempered Glass,Case Friendly Ultra Resistant",I have bought two different sizes of these screen protectors I love the other size I got but the iPhone 12 version sucks it just won‚Äôt stick on the edges come up and there is nothing in the kit to force it down me and my husband tried for 20 mins,1,"‡§Æ‡•à‡§Ç‡§®‡•á ‡§¶‡•ã ‡§Ö‡§≤‡§ó-‡§Ö‡§≤‡§ó sizes ‡§ï‡•á screen protectors ‡§ñ‡§∞‡•Ä‡§¶‡•á ‡§π‡•à‡§Ç‡•§ ‡§Æ‡•Å‡§ù‡•á ‡§¨‡§æ‡§ï‡•Ä size ‡§¨‡§π‡•Å‡§§ ‡§™‡§∏‡§Ç‡§¶ ‡§Ü‡§Ø‡§æ, ‡§≤‡•á‡§ï‡§ø‡§® iPhone 12 ‡§µ‡§æ‡§≤‡•á ‡§ï‡•Ä quality ‡§¨‡§π‡•Å‡§§ ‡§ñ‡§∞‡§æ‡§¨ ‡§π‡•à‡•§ ‡§Ø‡§π ‡§∏‡§π‡•Ä ‡§∏‡•á edges ‡§™‡§∞ ‡§ö‡§ø‡§™‡§ï‡§§‡§æ ‡§π‡•Ä ‡§®‡§π‡•Ä‡§Ç ‡§π‡•à, ‡§î‡§∞ kit ‡§Æ‡•á‡§Ç ‡§ê‡§∏‡§æ ‡§ï‡•Å‡§õ ‡§≠‡•Ä ‡§®‡§π‡•Ä‡§Ç ‡§π‡•à ‡§ú‡§ø‡§∏‡§∏‡•á ‡§π‡§Æ ‡§á‡§∏‡•á ‡§¶‡§¨‡§æ ‡§∏‡§ï‡•á‡§Ç‡•§ ‡§Æ‡•à‡§Ç‡§®‡•á ‡§î‡§∞ ‡§Æ‡•á‡§∞‡•á ‡§™‡§§‡§ø ‡§®‡•á 20 ‡§Æ‡§ø‡§®‡§ü ‡§§‡§ï ‡§ï‡•ã‡§∂‡§ø‡§∂ ‡§ï‡•Ä, ‡§≤‡•á‡§ï‡§ø‡§® ‡§ï‡§æ‡§Æ ‡§®‡§π‡•Ä‡§Ç ‡§π‡•Å‡§Ü‡•§",Male,middle Aged,No sarcasm ,Dissatisfied,"Video mein NEW'C 3 Pack Screen Protector for iPhone 16, iPhone 15, aur iPhone 15 Pro dikhaya gaya hai, jahan user ek issue bubble formation ke saath dikhata hai. Halankee wo bubbles nikalne ki koshish karte hain, lekin wo perimeter ke aas paas ke bubbles ko hata nahi pate, jo screen ki clarity aur appearance ko compromise kar dete hain."
B07JH7GS76,https://www.amazon.com/gp/customer-reviews/R1PPZ0FPQKT6IL/ref=cm_cr_getr_d_rvw_ttl?ie=UTF8&ASIN=B07JH7GS76,"COMFIER Shiatsu Neck Back Massager with Heat, 2D ro 3D Kneading Massage Chair Pad, Adjustable Compression Seat Massager for Full Body Relaxation, Christmas Gifts for Dad Mom Women Men,Dark Gray","Fairly decent massage chair. Definitely could see it being great. However it showed up broken and making noises. I went to turn on the neck massage part and noticed there was only one ball in the neck. Not two. The thing doesn‚Äôt work. Really disappointing. Was hoping to use it after my workout. I‚Äôm sure Amazon has some sort of return or refund policy to fix this, I hope. Poor quality. Definitely not made in the US I‚Äôm guessing.",1,"‡§†‡•Ä‡§ï-‡§†‡§æ‡§ï ‡§Æ‡§∏‡§æ‡§ú ‡§ö‡•á‡§Ø‡§∞ ‡§π‡•à‡•§ ‡§≤‡§ó ‡§∞‡§π‡§æ ‡§•‡§æ ‡§ï‡§ø ‡§Ø‡§π ‡§¨‡§π‡•Å‡§§ ‡§Ö‡§ö‡•ç‡§õ‡§æ ‡§π‡•ã‡§ó‡§æ, ‡§≤‡•á‡§ï‡§ø‡§® ‡§Ø‡§π ‡§ñ‡§∞‡§æ‡§¨ ‡§π‡§æ‡§≤‡§§ ‡§Æ‡•á‡§Ç ‡§Ü‡§Ø‡§æ ‡§î‡§∞ ‡§Ü‡§µ‡§æ‡§ú‡•á‡§Ç ‡§ï‡§∞ ‡§∞‡§π‡§æ ‡§•‡§æ‡•§ ‡§ú‡§¨ ‡§Æ‡•à‡§Ç‡§®‡•á neck massage ‡§ö‡§æ‡§≤‡•Ç ‡§ï‡§ø‡§Ø‡§æ, ‡§§‡•ã ‡§¶‡•á‡§ñ‡§æ ‡§ï‡§ø neck ‡§Æ‡•á‡§Ç ‡§ï‡•á‡§µ‡§≤ ‡§è‡§ï ‡§π‡•Ä ‡§¨‡•â‡§≤ ‡§π‡•à, ‡§¶‡•ã ‡§®‡§π‡•Ä‡§Ç‡•§ ‡§Ø‡§π ‡§ï‡§æ‡§Æ ‡§π‡•Ä ‡§®‡§π‡•Ä‡§Ç ‡§ï‡§∞ ‡§∞‡§π‡§æ ‡§π‡•à‡•§ ‡§¨‡§π‡•Å‡§§ ‡§®‡§ø‡§∞‡§æ‡§∂‡§æ ‡§π‡•Å‡§à‡•§ ‡§∏‡•ã‡§ö‡§æ ‡§•‡§æ ‡§ï‡§ø ‡§µ‡§∞‡•ç‡§ï‡§Ü‡§â‡§ü ‡§ï‡•á ‡§¨‡§æ‡§¶ ‡§á‡§∏‡§ï‡§æ ‡§â‡§™‡§Ø‡•ã‡§ó ‡§ï‡§∞‡•Ç‡§Ç‡§ó‡§æ‡•§ ‡§Æ‡•Å‡§ù‡•á ‡§â‡§Æ‡•ç‡§Æ‡•Ä‡§¶ ‡§π‡•à ‡§ï‡§ø Amazon ‡§ï‡•Ä ‡§ï‡•ã‡§à return ‡§Ø‡§æ refund ‡§™‡•â‡§≤‡§ø‡§∏‡•Ä ‡§π‡•ã‡§ó‡•Ä ‡§ú‡•ã ‡§á‡§∏‡•á ‡§∏‡§π‡•Ä ‡§ï‡§∞ ‡§∏‡§ï‡•á‡•§ ‡§ñ‡§∞‡§æ‡§¨ ‡§ï‡•ç‡§µ‡§æ‡§≤‡§ø‡§ü‡•Ä ‡§π‡•à‡•§ ‡§Ö‡§Æ‡•á‡§∞‡§ø‡§ï‡§æ ‡§Æ‡•á‡§Ç ‡§¨‡§®‡§æ‡§Ø‡§æ ‡§ó‡§Ø‡§æ ‡§®‡§π‡•Ä‡§Ç ‡§≤‡§ó‡§§‡§æ‡•§",Male,middle Aged,No sarcasm ,Dissatisfied,"Video mein COMFIER Shiatsu Neck Back Massager dikhaya gaya hai, jahan user ek issue neck region ke saath dikhata hai. Massager se ek loud aur noticeable awaaz aati hai, aur kareeb se dekhen to pata chalta hai ki neck region mein ek massage ball missing hai, jo ki uneven aur subpar massage performance ka reason ban raha hai."
B0CT5JYG6P,https://www.amazon.com/gp/customer-reviews/R32E2I5U9ZNIGL/ref=cm_cr_getr_d_rvw_ttl?ie=UTF8&ASIN=B0CT5JYG6P,"PowerA Enhanced Wireless Controller for Nintendo Switch - Super Star Friends, Nintendo Switch - OLED Model, Nintendo Switch Lite, Gamepad, game controller, Bluetooth controller",The A button and right dial pad doesn‚Äôt work.,1,"‡§∂‡•Å‡§∞‡•Å‡§Ü‡§§ ‡§ï‡•á ‡§≤‡§ø‡§è, A ‡§¨‡§ü‡§® ‡§ï‡§æ‡§Æ ‡§ï‡§∞‡§®‡§æ ‡§ö‡§æ‡§π‡§ø‡§è ‡§§‡§æ‡§ï‡§ø games ‡§î‡§∞ apps ‡§™‡§∞ ‡§ï‡•ç‡§≤‡§ø‡§ï ‡§ï‡§∞ ‡§∏‡§ï‡•á‡§Ç, ‡§≤‡•á‡§ï‡§ø‡§® ‡§µ‡•ã ‡§§‡•ã ‡§ï‡§æ‡§Æ ‡§π‡•Ä ‡§®‡§π‡•Ä‡§Ç ‡§ï‡§∞ ‡§∞‡§π‡§æ‡•§ ‡§ä‡§™‡§∞ ‡§∏‡•á right dial pad ‡§≠‡•Ä ‡§ñ‡§∞‡§æ‡§¨ ‡§π‡•à‡•§ ‡§¨‡§æ‡§π‡§∞ ‡§∏‡•á ‡§™‡•ç‡§∞‡•ã‡§°‡§ï‡•ç‡§ü ‡§ï‡•ã ‡§¶‡•á‡§ñ‡§ï‡§∞ damage ‡§®‡§ú‡§º‡§∞ ‡§®‡§π‡•Ä‡§Ç ‡§Ü ‡§∞‡§π‡§æ, ‡§á‡§∏‡§ï‡§æ ‡§Æ‡§§‡§≤‡§¨ ‡§Ø‡§π ‡§®‡§π‡•Ä‡§Ç ‡§ï‡§ø ‡§Ö‡§Ç‡§¶‡§∞ ‡§∏‡•á ‡§≠‡•Ä ‡§∏‡§¨ ‡§∏‡§π‡•Ä ‡§π‡•ã‡•§ ‡§™‡•ç‡§∞‡•ã‡§°‡§ï‡•ç‡§ü ‡§¨‡•á‡§ö‡§®‡•á ‡§∏‡•á ‡§™‡§π‡§≤‡•á test ‡§ï‡§∞‡§®‡§æ ‡§ö‡§æ‡§π‡§ø‡§è‡•§  

‡§¨‡§π‡•Å‡§§ frustration ‡§π‡•ã ‡§∞‡§π‡•Ä ‡§π‡•à ‡§ï‡•ç‡§Ø‡•ã‡§Ç‡§ï‡§ø ‡§á‡§∏ controller ‡§î‡§∞ ‡§á‡§∏‡§ï‡•á ‡§ñ‡•Ç‡§¨‡§∏‡•Ç‡§∞‡§§ design ‡§ï‡•á ‡§≤‡§ø‡§è excited ‡§•‡§æ‡•§ ‡§Ö‡§¨ ‡§Æ‡•Å‡§ù‡•á return ‡§ï‡§∞‡§®‡•á ‡§ï‡•á ‡§≤‡§ø‡§è ‡§î‡§∞ ‡§™‡•à‡§∏‡•á ‡§ñ‡§∞‡•ç‡§ö ‡§ï‡§∞‡§®‡•á ‡§™‡§°‡§º‡•á‡§Ç‡§ó‡•á ‡§î‡§∞ ‡§®‡§Ø‡§æ ‡§™‡§æ‡§®‡•á ‡§ï‡•á ‡§≤‡§ø‡§è ‡§î‡§∞ ‡§á‡§Ç‡§§‡§ú‡§º‡§æ‡§∞ ‡§ï‡§∞‡§®‡§æ ‡§π‡•ã‡§ó‡§æ‡•§  

‡§ú‡§ø‡§®‡•ç‡§π‡•á‡§Ç ‡§ñ‡§∞‡•Ä‡§¶‡§®‡§æ ‡§π‡•à, ‡§â‡§®‡•ç‡§π‡•á‡§Ç ‡§è‡§ï ‡§∏‡§≤‡§æ‡§π ‚Äì ‡§•‡•ã‡§°‡§º‡§æ ‡§ú‡•ç‡§Ø‡§æ‡§¶‡§æ ‡§ñ‡§∞‡•ç‡§ö ‡§ï‡§∞‡•á‡§Ç ‡§î‡§∞ ‡§®‡§Ø‡§æ ‡§ñ‡§∞‡•Ä‡§¶‡•á‡§Ç‡•§ ‡§∏‡§∏‡•ç‡§§‡§æ ‡§≤‡•á‡§®‡§æ ‡§π‡§Æ‡•á‡§∂‡§æ ‡§¨‡•á‡§π‡§§‡§∞ ‡§®‡§π‡•Ä‡§Ç ‡§π‡•ã‡§§‡§æ‡•§ Lesson learned.",Male,middle Aged,No sarcasm ,Dissatisfied,"Video mein PowerA Enhanced Wireless Controller for Nintendo Switch dikhaya gaya hai, jahan user ek problem demonstrate karta hai jab controller TV se connected hota hai. Controller left, right, up aur down navigate kar leta hai, lekin 'A' button bilkul responsive nahi hai. Is wajah se user koi application select ya enter nahi kar pa raha, jo ek functional defect ko indicate karta hai."
B01H6GUCCQ,https://www.amazon.com/gp/customer-reviews/R7AFD7081IP7C/ref=cm_cr_getr_d_rvw_ttl?ie=UTF8&ASIN=B01H6GUCCQ,"BENGOO G9000 Stereo Gaming Headset for PS4 PC Xbox One PS5 Controller, Noise Cancelling Over Ear Headphones with Mic, LED Light, Bass Surround, Soft Memory Earmuffs (Blue)",Waste of money,1,"‡§Ø‡•á ‡§ö‡•Ä‡§ú‡§º‡•á‡§Ç ‡§™‡•Ç‡§∞‡•Ä ‡§§‡§∞‡§π ‡§∏‡•á ‡§¨‡•á‡§ï‡§æ‡§∞ ‡§π‡•à‡§Ç ‡§î‡§∞ 3.5 ‡§Æ‡§ø‡§®‡§ü ‡§≠‡•Ä ‡§®‡§π‡•Ä‡§Ç ‡§ö‡§≤‡§§‡•Ä‡§Ç‡•§ Product ‡§∂‡•Å‡§∞‡•Ç ‡§∏‡•á ‡§π‡•Ä ‡§Ü‡§ß‡•á ‡§∏‡§Æ‡§Ø ‡§ï‡§æ‡§Æ ‡§ï‡§∞‡§§‡§æ ‡§•‡§æ, ‡§î‡§∞ ‡§Ö‡§¨ ‡§§‡•ã ‡§á‡§∏‡§ï‡•Ä cord ‡§™‡•Ç‡§∞‡•Ä ‡§§‡§∞‡§π ‡§∏‡•á ‡§ü‡•Ç‡§ü ‡§ö‡•Å‡§ï‡•Ä ‡§π‡•à ‡§î‡§∞ ‡§¨‡§ø‡§≤‡§ï‡•Å‡§≤ ‡§ï‡§æ‡§Æ ‡§®‡§π‡•Ä‡§Ç ‡§ï‡§∞ ‡§∞‡§π‡•Ä‡•§ ‡§ä‡§™‡§∞ ‡§∏‡•á customer service ‡§≠‡•Ä ‡§ú‡§µ‡§æ‡§¨ ‡§®‡§π‡•Ä‡§Ç ‡§¶‡•á ‡§∞‡§π‡•Ä‡•§ ‡§á‡§∏‡•á ‡§Æ‡•à‡§Ç‡§®‡•á ‡§Ö‡§≠‡•Ä ‡§∏‡§ø‡§§‡§Ç‡§¨‡§∞ ‡§Æ‡•á‡§Ç ‡§π‡•Ä ‡§ñ‡§∞‡•Ä‡§¶‡§æ ‡§•‡§æ‡•§",Female,middle Aged,No sarcasm ,Angry,"Video mein BENGOO G9000 Stereo Gaming Headset dikhaya gaya hai, jahan user cord ke saath ek badi problem dikhata hai. Cord ek end pe visibly twisted aur broken hai, jo headset ko bilkul unusable bana deta hai. User apni frustration express karta hai aur product ko 'complete junk' bolta hai, jo quality ke prati dissatisfaction ko highlight karta hai."
B0D1DPFZLZ,https://www.amazon.com/gp/customer-reviews/R1T7CX6K60LVMR/ref=cm_cr_getr_d_rvw_ttl?ie=UTF8&ASIN=B0D1DPFZLZ,"Samsung 27‚Äù Odyssey OLED G6 (G60SD) Series Gaming Monitor with QHD 360Hz 0.03ms, AMD FreeSync Premium Pro, Anti-Glare, Sleek Design, Cooling System, 3 Year Warranty, LS27DG602SNXZA, 2024",Dead after 3 days,1,"Flickering flickering flickering!!!
Jm Sether ‡§ï‡•á ‡§™‡§ø‡§õ‡§≤‡•á review ‡§Æ‡•á‡§Ç ‡§ú‡•ã ‡§ï‡•Å‡§õ ‡§ï‡§π‡§æ ‡§ó‡§Ø‡§æ ‡§•‡§æ, ‡§∏‡§¨ ‡§∏‡§ö ‡§π‡•à, ‡§î‡§∞ ‡§Æ‡•Å‡§ù‡•á ‡§â‡§®‡§ï‡•Ä ‡§¨‡§æ‡§§ ‡§∏‡•Å‡§®‡§®‡•Ä ‡§ö‡§æ‡§π‡§ø‡§è ‡§•‡•Ä‡•§ ‡§á‡§∏ monitor ‡§ï‡•ã ‡§Æ‡•á‡§∞‡•á brand new RTX 4090 ‡§ï‡•á ‡§∏‡§æ‡§• pair ‡§ï‡§ø‡§Ø‡§æ, ‡§î‡§∞ ‡§ú‡§¨ ‡§Ø‡§π ‡§ï‡§æ‡§Æ ‡§ï‡§∞‡§§‡§æ ‡§π‡•à, ‡§§‡•ã performance ‡§∂‡§æ‡§®‡§¶‡§æ‡§∞ ‡§π‡•à‡•§ ‡§≤‡•á‡§ï‡§ø‡§® ‡§á‡§§‡§®‡•Ä ‡§∏‡§æ‡§∞‡•Ä ‡§õ‡•ã‡§ü‡•Ä-‡§õ‡•ã‡§ü‡•Ä ‡§∏‡§Æ‡§∏‡•ç‡§Ø‡§æ‡§è‡§Ç ‡§á‡§∏‡•á ‡§ñ‡§∞‡§æ‡§¨ ‡§ï‡§∞ ‡§¶‡•á‡§§‡•Ä ‡§π‡•à‡§Ç:

‡§∞‡§æ‡§§‡§≠‡§∞ downloads ‡§ï‡•á ‡§≤‡§ø‡§è monitor ‡§ö‡§≤‡§®‡•á ‡§¶‡§ø‡§Ø‡§æ, ‡§≤‡•á‡§ï‡§ø‡§® ‡§Ø‡§π ‡§ï‡§≠‡•Ä sleep mode ‡§Æ‡•á‡§Ç ‡§®‡§π‡•Ä‡§Ç ‡§ó‡§Ø‡§æ‡•§
PC ‡§ï‡•á sleep ‡§∏‡•á ‡§ú‡§æ‡§ó‡§®‡•á ‡§Æ‡•á‡§Ç problem ‡§π‡•ã‡§§‡•Ä ‡§π‡•à‡•§
‡§™‡•Ç‡§∞‡•á ‡§¶‡§ø‡§® volume randomly ‡§¨‡§¢‡§º ‡§ú‡§æ‡§§‡§æ ‡§π‡•à‡•§ Seriously, ‡§ï‡§ø‡§§‡§®‡•á ‡§Æ‡§π‡•Ä‡§®‡•á ‡§π‡•ã ‡§ó‡§è ‡§π‡•à‡§Ç ‡§î‡§∞ ‡§â‡§®‡•ç‡§π‡•ã‡§Ç‡§®‡•á ‡§á‡§∏‡•á fix ‡§ï‡•ç‡§Ø‡•ã‡§Ç ‡§®‡§π‡•Ä‡§Ç ‡§ï‡§ø‡§Ø‡§æ?
‡§∏‡§¨‡§∏‡•á ‡§ñ‡§∞‡§æ‡§¨ ‚Äì ‡§ó‡•á‡§Æ ‡§ñ‡•á‡§≤‡§§‡•á ‡§π‡•Å‡§è 6 ‡§ò‡§Ç‡§ü‡•á ‡§ï‡•á ‡§¨‡§æ‡§¶ screen dark ‡§π‡•ã ‡§ú‡§æ‡§§‡•Ä ‡§π‡•à ‡§î‡§∞ ‡§ï‡§≠‡•Ä-‡§ï‡§≠‡•Ä ‡§è‡§ï nano second ‡§ï‡•á ‡§≤‡§ø‡§è image ‡§¶‡§ø‡§ñ‡§§‡•Ä ‡§π‡•à‡•§ PC ‡§ï‡•ã ‡§¨‡§Ç‡§¶ ‡§≠‡•Ä ‡§®‡§π‡•Ä‡§Ç ‡§ï‡§∞ ‡§∏‡§ï‡§§‡§æ‡•§ ‡§¶‡•ã ‡§Ö‡§≤‡§ó-‡§Ö‡§≤‡§ó DP cables try ‡§ï‡•Ä‡§Ç, power source ‡§¨‡§¶‡§≤‡§æ, HDR off ‡§ï‡§ø‡§Ø‡§æ, high refresh rate off ‡§ï‡§ø‡§Ø‡§æ, ‡§∏‡§¨‡§ï‡•Å‡§õ unplug ‡§ï‡§ø‡§Ø‡§æ ‚Äì ‡§ï‡•Å‡§õ ‡§ï‡§æ‡§Æ ‡§®‡§π‡•Ä‡§Ç ‡§ï‡§ø‡§Ø‡§æ‡•§ Monitor ‡§Ö‡§¨ ‡§™‡•Ç‡§∞‡•Ä ‡§§‡§∞‡§π dead ‡§π‡•à‡•§
‡§Æ‡•à‡§Ç ‡§á‡§∏ ‡§¨‡•á‡§ï‡§æ‡§∞ product ‡§ï‡•ã return ‡§ï‡§∞ ‡§∞‡§π‡§æ ‡§π‡•Ç‡§Å‡•§",Male,middle Aged,No sarcasm ,Dissatisfied,"Video mein Samsung 27‚Äù Odyssey OLED G6 Gaming Monitor dikhaya gaya hai, jahan user display ke saath ek continuous problem dikhata hai. Screen regular intervals pe flicker karti hai, jo viewing experience ko disrupt karta hai aur ek hardware ya manufacturing defect ko indicate karta hai."
B0BRKPVZB4,https://www.amazon.com/gp/customer-reviews/R1EY3DX9CMAO64/ref=cm_cr_getr_d_rvw_ttl?ie=UTF8&ASIN=B0BRKPVZB4,"Bluetooth Speaker with HD Sound, Portable Wireless, IPX5 Waterproof, Up to 20H Playtime, TWS Pairing, BT5.3, for Home/Party/Outdoor/Beach, Electronic Gadgets, Birthday Gift (Black)",Stopped working,1,"Play Video  
‡§™‡§ø‡§õ‡§≤‡•á ‡§∞‡§æ‡§§ ‡§§‡§ï ‡§∏‡§¨‡§ï‡•Å‡§õ ‡§†‡•Ä‡§ï ‡§ï‡§æ‡§Æ ‡§ï‡§∞ ‡§∞‡§π‡§æ ‡§•‡§æ‡•§ ‡§≤‡•á‡§ï‡§ø‡§® ‡§Ö‡§¨ ‡§Æ‡•á‡§∞‡•á ‡§™‡§æ‡§∏ ‡§¨‡§∏ ‡§è‡§ï ‡§®‡•Ä‡§≤‡•Ä ‡§´‡•ç‡§≤‡•à‡§∂‡§ø‡§Ç‡§ó ‡§≤‡§æ‡§á‡§ü ‡§π‡•à‡•§ ‡§ï‡•ã‡§à ‡§°‡•ç‡§∞‡•â‡§™ ‡§®‡§π‡•Ä‡§Ç, ‡§ó‡•Ä‡§≤‡§æ ‡§≠‡•Ä ‡§®‡§π‡•Ä‡§Ç ‡§π‡•Å‡§Ü‚Ä¶‡§ï‡•Å‡§õ ‡§≠‡•Ä ‡§®‡§π‡•Ä‡§Ç! ‡§≤‡•á‡§ï‡§ø‡§® ‡§ú‡•à‡§∏‡•á ‡§π‡•Ä Amazon ‡§∏‡•á ‡§ï‡•Å‡§õ ‡§ë‡§∞‡•ç‡§°‡§∞ ‡§ï‡§∞‡§§‡§æ ‡§π‡•Ç‡§Ç, ‡§∏‡§¨‡§ï‡•Å‡§õ ‡§ï‡§æ‡§Æ ‡§ï‡§∞‡§®‡§æ ‡§¨‡§Ç‡§¶ ‡§ï‡§∞ ‡§¶‡•á‡§§‡§æ ‡§π‡•à‡•§ ‡§Æ‡•à‡§Ç‡§®‡•á ‡§á‡§∏‡•á Black Friday 2024 ‡§Æ‡•á‡§Ç ‡§ñ‡§∞‡•Ä‡§¶‡§æ ‡§•‡§æ‡•§ ‡§Æ‡§§ ‡§¨‡§§‡§æ‡§ì ‡§ï‡§ø ‡§ê‡§∏‡§æ ‡§¨‡§∏ ‡§π‡•ã ‡§ú‡§æ‡§§‡§æ ‡§π‡•à‚Ä¶ ‡§ï‡•ç‡§Ø‡•ã‡§Ç‡§ï‡§ø ‡§π‡§∞ ‡§á‡§≤‡•á‡§ï‡•ç‡§ü‡•ç‡§∞‡•â‡§®‡§ø‡§ï ‡§ö‡•Ä‡§ú ‡§ú‡•ã ‡§Æ‡•à‡§Ç‡§®‡•á ‡§ñ‡§∞‡•Ä‡§¶‡•Ä ‡§π‡•à, ‡§µ‡•ã ‡§≠‡•Ä ‡§á‡§∏‡•Ä ‡§§‡§∞‡§π ‡§ñ‡§∞‡§æ‡§¨ ‡§π‡•Å‡§à ‡§π‡•à ‚Äì Kindle (‡§¶‡•ã), boom box, humidifier, ‡§∏‡§¨ ‡§ñ‡§∞‡§æ‡§¨ ‡§π‡•ã ‡§ó‡§è‡•§ ‡§Æ‡•Å‡§ù‡•á speaker ‡§ï‡•ã ‡§∞‡§ø‡§™‡•ç‡§≤‡•á‡§∏ ‡§ö‡§æ‡§π‡§ø‡§è‡•§",Female,old,No sarcasm ,Dissatisfied,"Video mein Bluetooth Speaker with HD Sound dikhaya gaya hai, jahan user ek masla demonstrate karta hai. LED screen par ek constant blue light flicker karta hai, jo indicate karta hai ki speaker proper kaam nahi kar raha. User batata hai ki speaker charge nahi ho raha aur bilkul kaam nahi kar raha."